<?xml version="1.0" encoding="UTF-8"?>
<definitions targetNamespace="http://canonicalRequests.gov.ru" xmlns="http://schemas.xmlsoap.org/wsdl/" xmlns:plnk="http://docs.oasis-open.org/wsbpel/2.0/plnktype" xmlns:wsaw="http://www.w3.org/2006/05/addressing/wsdl" xmlns:smev="http://smev.gosuslugi.ru/rev111111" xmlns:wsdl="http://schemas.xmlsoap.org/wsdl/" xmlns:tns="http://canonicalRequests.gov.ru" xmlns:xs="http://www.w3.org/2001/XMLSchema" xmlns:soap="http://schemas.xmlsoap.org/wsdl/soap/">
  <types>
    <xs:schema attributeFormDefault="unqualified" elementFormDefault="unqualified" targetNamespace="http://canonicalRequests.gov.ru">
            <xs:import namespace="http://smev.gosuslugi.ru/rev111111" schemaLocation="http://213.80.180.54/node/wsdl/mzsrForeign/vldMzsrApp-sun-http-binding/MzsrBpel/xsd2/smev243rev111111.xsd"/>
            <xs:element name="processCanonicalService" type="smev:processCanonicalServiceMessage"/>
            <xs:element name="processCanonicalServiceResponse" type="smev:processCanonicalServiceResponseMessage"/>
        </xs:schema>
  </types>
  <message name="processCanonicalService">
    <part name="parameters" element="tns:processCanonicalService">
    </part>
  </message>
  <message name="processCanonicalServiceResponse">
    <part name="result" element="tns:processCanonicalServiceResponse">
    </part>
  </message>
  <portType name="roivService.00.MZC.390.CTCS.sirServicePing.InfoForeignWorkers.01PortType">
    <operation name="processCanonicalService">
      <input message="tns:processCanonicalService" wsaw:Action="http://canonicalRequests.gov.ru/canonicalRequestsService/processCanonicalServiceRequest">
    </input>
      <output message="tns:processCanonicalServiceResponse" wsaw:Action="http://canonicalRequests.gov.ru/canonicalRequestsService/processCanonicalServiceResponse">
    </output>
    </operation>
  </portType>
  <binding name="roivService.00.MZC.390.CTCS.sirServicePing.InfoForeignWorkers.01Soap11Binding" type="tns:roivService.00.MZC.390.CTCS.sirServicePing.InfoForeignWorkers.01PortType">
    <soap:binding style="document" transport="http://schemas.xmlsoap.org/soap/http"/>
    <operation name="processCanonicalService">
      <soap:operation soapAction="" style="document"/>
      <input>
        <soap:body use="literal"/>
      </input>
      <output>
        <soap:body use="literal"/>
      </output>
    </operation>
  </binding>
  <service name="roivService.00.MZC.390.CTCS.sirServicePing.InfoForeignWorkers.01">
    <port name="roivService.00.MZC.390.CTCS.sirServicePing.InfoForeignWorkers.01HttpSoap11Endpoint" binding="tns:roivService.00.MZC.390.CTCS.sirServicePing.InfoForeignWorkers.01Soap11Binding">
      <soap:address location="http://213.80.180.54/node/service/mzsrForeign"/>
    </port>
  </service>
    <plnk:partnerLinkType name="foreign">
        <!-- A partner link type is automatically generated when a new port type is added. Partner link types are used by BPEL processes.
In a BPEL process, a partner link represents the interaction between the BPEL process and a partner service. Each partner link is associated with a partner link type.
A partner link type characterizes the conversational relationship between two services. The partner link type can have one or two roles.-->
        <plnk:role name="foreignPortTypeRole" portType="tns:roivService.00.MZC.390.CTCS.sirServicePing.InfoForeignWorkers.01PortType"/>
    </plnk:partnerLinkType>
</definitions>
