<?xml version="1.0" encoding="UTF-8"?>
<definitions xmlns="http://schemas.xmlsoap.org/wsdl/" xmlns:flt="http://xml.netbeans.org/schema/faultxsd" xmlns:ns1="http://siu.fishcom.ru/fishingGrounds" xmlns:ns3="http://siu.fishcom.ru/fishingGrounds/getFishingGroundsQueryResultRequest" xmlns:ns4="http://siu.fishcom.ru/fishingGrounds/getFishingGroundsQueryResultResponse" xmlns:ns5="http://siu.fishcom.ru/fishingGrounds/getFishingGroundsQueryStateRequest" xmlns:ns6="http://siu.fishcom.ru/fishingGrounds/getFishingGroundsQueryStateResponse" xmlns:plnk="http://docs.oasis-open.org/wsbpel/2.0/plnktype" xmlns:smev="http://smev.gosuslugi.ru/rev111111" xmlns:smev2="http://smev.gosuslugi.ru/rev120315" xmlns:soap="http://schemas.xmlsoap.org/wsdl/soap/" xmlns:tns="http://smev.gosuslugi.ru/fapr/fishing" xmlns:wsdl="http://schemas.xmlsoap.org/wsdl/" xmlns:xs="http://www.w3.org/2001/XMLSchema" xmlns:xsd="http://www.w3.org/2001/XMLSchema" name="fishing" targetNamespace="http://smev.gosuslugi.ru/fapr/fishing">
<documentation>
CREATED: 07.10.2013 15:20:35 MODIFIED: 07.10.2013 15:20:35
</documentation>
<types>
<xsd:schema targetNamespace="http://smev.gosuslugi.ru/fapr/fishing">
<xsd:import namespace="http://smev.gosuslugi.ru/rev111111" schemaLocation="http://78.37.97.124:8288/smev_node/wsdl/faprFishing/vldFaprApp-sun-http-binding/FaprBpel/xsd2/smev243rev111111.xsd"/>
<xsd:import namespace="http://xml.netbeans.org/schema/faultxsd" schemaLocation="http://78.37.97.124:8288/smev_node/wsdl/faprFishing/vldFaprApp-sun-http-binding/FaprBpel/xsd2/fault.xsd"/>
<xsd:import namespace="http://siu.fishcom.ru/fishingGrounds" schemaLocation="http://78.37.97.124:8288/smev_node/wsdl/faprFishing/vldFaprApp-sun-http-binding/FaprBpel/xsd2/fishing/fishingGrounds.xsd"/>
<xsd:import namespace="http://siu.fishcom.ru/fishingGrounds/getFishingGroundsQueryStateRequest" schemaLocation="http://78.37.97.124:8288/smev_node/wsdl/faprFishing/vldFaprApp-sun-http-binding/FaprBpel/xsd2/fishing/getFishingGroundsQueryStateRequest.xsd"/>
<xsd:import namespace="http://siu.fishcom.ru/fishingGrounds/getFishingGroundsQueryStateResponse" schemaLocation="http://78.37.97.124:8288/smev_node/wsdl/faprFishing/vldFaprApp-sun-http-binding/FaprBpel/xsd2/fishing/getFishingGroundsQueryStateResponse.xsd"/>
<xsd:simpleType name="YesNoType">
<xsd:restriction base="xsd:string">
<xsd:enumeration value="yes"/>
<xsd:enumeration value="no"/>
</xsd:restriction>
</xsd:simpleType>
</xsd:schema>
<xs:schema xmlns:smev="http://smev.gosuslugi.ru/rev120315" xmlns:wsu="http://docs.oasis-open.org/wss/2004/01/oasis-200401-wss-wssecurity-utility-1.0.xsd" targetNamespace="http://siu.fishcom.ru/fishingGrounds">
<xs:import namespace="http://smev.gosuslugi.ru/rev120315" schemaLocation="http://78.37.97.124:8288/smev_node/wsdl/faprFishing/vldFaprApp-sun-http-binding/FaprBpel/xsd2/smev243rev120315.xsd"/>
<xs:import namespace="http://docs.oasis-open.org/wss/2004/01/oasis-200401-wss-wssecurity-utility-1.0.xsd" schemaLocation="http://78.37.97.124:8288/smev_node/wsdl/faprFishing/vldFaprApp-sun-http-binding/FaprBpel/xsd2/wsu.xsd"/>
<xsd:include schemaLocation="http://78.37.97.124:8288/smev_node/wsdl/faprFishing/vldFaprApp-sun-http-binding/FaprBpel/xsd2/fishing/fishingGrounds.xsd"/>
<xs:element name="sendFishingGroundsQuery" type="smev:sendFishingGroundsQueryRequestType"/>
<xs:element name="sendFishingGroundsQueryResponse" type="smev:sendFishingGroundsQueryResponseType"/>
<xs:element name="getFishingGroundsQueryResult" type="smev:getFishingGroundsQueryResultRequestType"/>
<xs:element name="getFishingGroundsQueryResultResponse" type="smev:getFishingGroundsQueryResultResponseType"/>
</xs:schema>
<xs:schema xmlns:wsu="http://docs.oasis-open.org/wss/2004/01/oasis-200401-wss-wssecurity-utility-1.0.xsd" targetNamespace="http://siu.fishcom.ru/fishingGrounds/getFishingGroundsQueryStateRequest">
<xs:import namespace="http://smev.gosuslugi.ru/rev111111" schemaLocation="http://78.37.97.124:8288/smev_node/wsdl/faprFishing/vldFaprApp-sun-http-binding/FaprBpel/xsd2/smev243rev111111.xsd"/>
<xs:import namespace="http://docs.oasis-open.org/wss/2004/01/oasis-200401-wss-wssecurity-utility-1.0.xsd" schemaLocation="http://78.37.97.124:8288/smev_node/wsdl/faprFishing/vldFaprApp-sun-http-binding/FaprBpel/xsd2/wsu.xsd"/>
<xsd:include schemaLocation="http://78.37.97.124:8288/smev_node/wsdl/faprFishing/vldFaprApp-sun-http-binding/FaprBpel/xsd2/fishing/getFishingGroundsQueryStateRequest.xsd"/>
<xs:element name="getFishingGroundsQueryStateRequest" type="smev:getFishingGroundsQueryStateRequestType"/>
</xs:schema>
<xs:schema xmlns:wsu="http://docs.oasis-open.org/wss/2004/01/oasis-200401-wss-wssecurity-utility-1.0.xsd" targetNamespace="http://siu.fishcom.ru/fishingGrounds/getFishingGroundsQueryStateResponse">
<xs:import namespace="http://smev.gosuslugi.ru/rev111111" schemaLocation="http://78.37.97.124:8288/smev_node/wsdl/faprFishing/vldFaprApp-sun-http-binding/FaprBpel/xsd2/smev243rev111111.xsd"/>
<xs:import namespace="http://docs.oasis-open.org/wss/2004/01/oasis-200401-wss-wssecurity-utility-1.0.xsd" schemaLocation="http://78.37.97.124:8288/smev_node/wsdl/faprFishing/vldFaprApp-sun-http-binding/FaprBpel/xsd2/wsu.xsd"/>
<xsd:include schemaLocation="http://78.37.97.124:8288/smev_node/wsdl/faprFishing/vldFaprApp-sun-http-binding/FaprBpel/xsd2/fishing/getFishingGroundsQueryStateResponse.xsd"/>
<xs:element name="getFishingGroundsQueryStateResponse" type="smev:getFishingGroundsQueryStateResponseType"/>
</xs:schema>
</types>
<message name="getFishingQueryStateRequest">
<part element="smev:Header" name="header"></part>
<part element="ns5:getFishingGroundsQueryStateRequest" name="params"></part>
</message>
<message name="sendFishingGroundsQueryResponse">
<part element="ns1:sendFishingGroundsQueryResponse" name="params"></part>
</message>
<message name="FaultOperationVar">
<part name="result" type="flt:FaultType"></part>
</message>
<message name="getFishingQueryStateResponse">
<part element="ns6:getFishingGroundsQueryStateResponse" name="params"></part>
</message>
<message name="sendFishingGroundsQuery">
<part element="smev2:Header" name="header"></part>
<part element="ns1:sendFishingGroundsQuery" name="params"></part>
</message>
<message name="getFishingGroundsQueryResult">
<part element="smev2:Header" name="header"></part>
<part element="ns1:getFishingGroundsQueryResult" name="params"></part>
</message>
<message name="getFishingQueryResultResponse">
<part element="ns1:getFishingGroundsQueryResultResponse" name="params"></part>
</message>
<portType name="fishingPortType">
<operation name="sendFishingGroundsQuery">
<input message="tns:sendFishingGroundsQuery" name="sendFishingQueryInput"></input>
<output message="tns:sendFishingGroundsQueryResponse" name="sendFishingQueryOutput"></output>
</operation>
<operation name="getFishingGroundsQueryResult">
<input message="tns:getFishingGroundsQueryResult" name="getFishingQueryResultInput"></input>
<output message="tns:getFishingQueryResultResponse" name="getFishingQueryResultOutput"></output>
</operation>
<operation name="getFishingGroundsQueryState">
<input message="tns:getFishingQueryStateRequest" name="getFishingQueryStateInput"></input>
<output message="tns:getFishingQueryStateResponse" name="getFishingQueryStateOutput"></output>
<fault message="tns:FaultOperationVar" name="FaultOutput"></fault>
</operation>
</portType>
<binding name="fishingPortTypeBinding" type="tns:fishingPortType">
<soap:binding style="document" transport="http://schemas.xmlsoap.org/soap/http"/>
<operation name="sendFishingGroundsQuery">
<soap:operation soapAction=""/>
<input name="sendFishingQueryInput">
<soap:header message="tns:sendFishingGroundsQuery" part="header" use="literal"></soap:header>
<soap:body parts="params" use="literal"/>
</input>
<output name="sendFishingQueryOutput">
<soap:header message="tns:sendFishingGroundsQueryResponse" part="header" use="literal"></soap:header>
<soap:body parts="params" use="literal"/>
</output>
</operation>
<operation name="getFishingGroundsQueryResult">
<soap:operation soapAction=""/>
<input name="getFishingQueryResultInput">
<soap:header message="tns:getFishingGroundsQueryResult" part="header" use="literal"></soap:header>
<soap:body parts="params" use="literal"/>
</input>
<output name="getFishingQueryResultOutput">
<soap:header message="tns:getFishingQueryResultResponse" part="header" use="literal"></soap:header>
<soap:body parts="params" use="literal"/>
</output>
</operation>
<operation name="getFishingGroundsQueryState">
<soap:operation soapAction=""/>
<input name="getFishingQueryStateInput">
<soap:header message="tns:getFishingQueryStateRequest" part="header" use="literal"></soap:header>
<soap:body parts="params" use="literal"/>
</input>
<output name="getFishingQueryStateOutput">
<soap:header message="tns:getFishingQueryStateResponse" part="header" use="literal"></soap:header>
<soap:body parts="params" use="literal"/>
</output>
<fault name="FaultOutput">
<soap:fault name="FaultOutput" use="literal"/>
</fault>
</operation>
</binding>
<service name="fishingService">
<port binding="tns:fishingPortTypeBinding" name="fishingPort">
<soap:address location="http://78.37.97.124:8288/smev_node/service/faprFishing"/>
</port>
</service>
<plnk:partnerLinkType name="fishing">
<plnk:role name="fishingPortTypeRole" portType="tns:fishingPortType"/>
</plnk:partnerLinkType>
</definitions>