<?xml version="1.0" encoding="UTF-8"?>
<pe:RequestDataByCadastralNumber xmlns:pe="http://pe.minregion.ru/cadastralNumber">
   <pe:CadastralNumber>Кадастровый номер</pe:CadastralNumber>
   <pe:ObjectAddress>
      <pe:PostalCode>Индекс</pe:PostalCode>
      <pe:Region>Регион</pe:Region>
      <pe:District>Район</pe:District>
      <pe:Locality>Населенный пункт</pe:Locality>
      <pe:Street>Улица</pe:Street>
      <pe:House>Дом</pe:House>
      <pe:Building>Корпус</pe:Building>
      <pe:Apartment>Квартира</pe:Apartment>
   </pe:ObjectAddress>
</pe:RequestDataByCadastralNumber>