<?xml version="1.0" encoding="UTF-8"?>
<smev:Data xsi:schemaLocation="http://smev.gosuslugi.ru/request/rev111111 S1.xsd" xmlns:smev="http://smev.gosuslugi.ru/request/rev111111" xmlns:rpn="http://smev.rpn.ru/rev111111/formdata" xmlns:xsi="http://www.w3.org/2001/XMLSchema-instance">
	<smev:FormData>
		<rpn:declarType>3</rpn:declarType>
		<rpn:nameLast>Петров</rpn:nameLast>
		<rpn:nameFirst>Петр</rpn:nameFirst>
		<rpn:nameMiddle>Петрович</rpn:nameMiddle>
		<rpn:pspSerNom>1234 №123456</rpn:pspSerNom>
		<rpn:pspData>ОВД Тестовое</rpn:pspData>
		<rpn:pstAddress>Москва, ул. Тверская, 9</rpn:pstAddress>
		<rpn:ogrn>123456789012345</rpn:ogrn>
		<rpn:inn>123456789012</rpn:inn>
		<rpn:prodName>минеральное удобрение</rpn:prodName>
	</smev:FormData>
  <AppliedDocuments>
    <AppliedDocument>
      <AppliedDocument>
        <CodeDocument>-</CodeDocument>
        <Name>Answer.txt</Name>
        <Number>1</Number>
        <URL>Answer.txt</URL>
        <Type>text/plain</Type>
      </AppliedDocument>
    </AppliedDocument>
  </AppliedDocuments>
</smev:Data>
