<?xml version="1.0" ?><wsdl:definitions xmlns:wsdl="http://schemas.xmlsoap.org/wsdl/" xmlns:wsaw="http://www.w3.org/2006/05/addressing/wsdl" xmlns:smev="http://smev.gosuslugi.ru/rev111111" xmlns:http="http://schemas.xmlsoap.org/wsdl/http/" xmlns:inq="urn://x-artefacts-it-ru/dob/interauthority-interaction/rtn/route_agreement/inquiry/1.01" xmlns:tns="urn://x-artefacts-it-ru/dob/poltava/inquiry-smev/1.1" xmlns:xsd="http://www.w3.org/2001/XMLSchema" xmlns:soap="http://schemas.xmlsoap.org/wsdl/soap/" xmlns:mime="http://schemas.xmlsoap.org/wsdl/mime/" xmlns:ans="urn://x-artefacts-it-ru/dob/interauthority-interaction/rtn/route_agreement/answer/1.01" xmlns:reqres="urn://x-artefacts-it-ru/dob/poltava/inquiry-smev/req-resp/1.1" xmlns:soap12="http://schemas.xmlsoap.org/wsdl/soap12/" targetNamespace="urn://x-artefacts-it-ru/dob/poltava/inquiry-smev/1.1">
    <wsdl:documentation>Inquiry smev engine external interface</wsdl:documentation>
    <wsdl:types>
        <xsd:schema xmlns:xs="http://www.w3.org/2001/XMLSchema" xmlns:tns="urn://x-artefacts-it-ru/dob/poltava/inquiry-smev/req-resp/1.1" targetNamespace="urn://x-artefacts-it-ru/dob/poltava/inquiry-smev/req-resp/1.1" attributeFormDefault="unqualified" elementFormDefault="qualified" version="1.0">
            <xsd:import schemaLocation="http://192.168.100.96:7777/gateway/services/SID0001027/wsdl/WSDL/d480dde3-a09e-457f-af9e-b6c2da02e084" namespace="urn://x-artefacts-it-ru/dob/interauthority-interaction/rtn/route_agreement/inquiry/1.01"></xsd:import>
            <xsd:import schemaLocation="http://192.168.100.96:7777/gateway/services/SID0001027/wsdl/WSDL/4c49ddd1-d69c-45c5-ad5a-31f68f3d2c2b" namespace="urn://x-artefacts-it-ru/dob/interauthority-interaction/rtn/route_agreement/answer/1.01"></xsd:import>
            <xsd:import namespace="http://smev.gosuslugi.ru/rev111111"></xsd:import>
            <xsd:element name="execute" type="smev:BaseMessageReqType">
                <xsd:annotation>
                    <xsd:documentation>Выполнение метода для запроса сведений в электронном виде
          </xsd:documentation>
                </xsd:annotation>
            </xsd:element>
            <xsd:element name="executeResponse" type="smev:BaseMessageType">
                <xsd:annotation>
                    <xsd:documentation>Ответ метод для запроса сведений в электронном виде</xsd:documentation>
                </xsd:annotation>
            </xsd:element>
            <xsd:complexType name="AppDataErrorInfoType">
                <xsd:annotation>
                    <xsd:documentation>Тип для возврата ошибки</xsd:documentation>
                </xsd:annotation>
                <xsd:complexContent>
                    <xsd:restriction base="smev:AppDataType">
                        <xsd:sequence>
                            <xsd:element ref="tns:ErrorInfo"></xsd:element>
                        </xsd:sequence>
                    </xsd:restriction>
                </xsd:complexContent>
            </xsd:complexType>
            <xsd:element name="ErrorInfo" type="tns:ErrorInfoType"></xsd:element>
            <xsd:complexType name="ErrorInfoType">
                <xsd:annotation>
                    <xsd:documentation>Тип для возврата ошибки</xsd:documentation>
                </xsd:annotation>
                <xsd:sequence>
                    <xsd:element name="executionResultCode" type="xsd:int">
                        <xsd:annotation>
                            <xsd:documentation>Код ошибки.</xsd:documentation>
                        </xsd:annotation>
                    </xsd:element>
                    <xsd:element name="errorMessage" type="xsd:string" minOccurs="0">
                        <xsd:annotation>
                            <xsd:documentation>Человекочитаемое сообщение об ошибке в случае неуспешного
                выполнения.</xsd:documentation>
                        </xsd:annotation>
                    </xsd:element>
                </xsd:sequence>
            </xsd:complexType>
        </xsd:schema>
        <xsd:schema xmlns:xop="http://www.w3.org/2004/08/xop/include" xmlns:xs="http://www.w3.org/2001/XMLSchema" targetNamespace="http://smev.gosuslugi.ru/rev111111" attributeFormDefault="unqualified" elementFormDefault="qualified" version="1.0">
            <xsd:import schemaLocation="http://192.168.100.96:7777/gateway/services/SID0001027/wsdl/WSDL/67c8c6eb-8709-4e73-be8d-afa68376347a" namespace="http://www.w3.org/2004/08/xop/include"></xsd:import>
            <xsd:import schemaLocation="http://192.168.100.96:7777/gateway/services/SID0001027/wsdl/WSDL/d480dde3-a09e-457f-af9e-b6c2da02e084" namespace="urn://x-artefacts-it-ru/dob/interauthority-interaction/rtn/route_agreement/inquiry/1.01"></xsd:import>
            <xsd:import schemaLocation="http://192.168.100.96:7777/gateway/services/SID0001027/wsdl/WSDL/4c49ddd1-d69c-45c5-ad5a-31f68f3d2c2b" namespace="urn://x-artefacts-it-ru/dob/interauthority-interaction/rtn/route_agreement/answer/1.01"></xsd:import>
            <xsd:element name="Header" type="smev:HeaderType">
                <xsd:annotation>
                    <xsd:documentation>Служебный загловок СМЭВ</xsd:documentation>
                </xsd:annotation>
            </xsd:element>
            <xsd:element name="BaseMessage" type="smev:BaseMessageType">
                <xsd:annotation>
                    <xsd:documentation>Базовый тип, описывающий сообщение в целом</xsd:documentation>
                </xsd:annotation>
            </xsd:element>
            <xsd:element name="Message" type="smev:MessageType">
                <xsd:annotation>
                    <xsd:documentation>Служебный блок атрибутов СМЭВ</xsd:documentation>
                </xsd:annotation>
            </xsd:element>
            <xsd:element name="MessageData" type="smev:MessageDataType">
                <xsd:annotation>
                    <xsd:documentation>Блок-обертка данных СМЭВ</xsd:documentation>
                </xsd:annotation>
            </xsd:element>
            <xsd:element name="AppData" type="smev:AppDataType">
                <xsd:annotation>
                    <xsd:documentation>Блок структурированных сведений</xsd:documentation>
                </xsd:annotation>
            </xsd:element>
            <xsd:element name="AppDocument" type="smev:AppDocumentType">
                <xsd:annotation>
                    <xsd:documentation>Блок вложений</xsd:documentation>
                </xsd:annotation>
            </xsd:element>
            <xsd:element name="Sender" type="smev:orgExternalType">
                <xsd:annotation>
                    <xsd:documentation>Данные о системе-ициаторе взаимодействия (Потребителе) (валидируется
            СМЭВ на соответствие сертификату)</xsd:documentation>
                </xsd:annotation>
            </xsd:element>
            <xsd:element name="Recipient" type="smev:orgExternalType">
                <xsd:annotation>
                    <xsd:documentation>Данные о системе-получателе сообщения (Поставщике) (валидируется СМЭВ
            рестру поставщиков)</xsd:documentation>
                </xsd:annotation>
            </xsd:element>
            <xsd:element name="Originator" type="smev:orgExternalType">
                <xsd:annotation>
                    <xsd:documentation>Данные о системе, инициировавашей цепочку из нескольких
            запросов-ответов, объединенных единым процессом в рамках взаимодействия
          </xsd:documentation>
                </xsd:annotation>
            </xsd:element>
            <xsd:element name="TypeCode" type="smev:TypeCodeType">
                <xsd:annotation>
                    <xsd:documentation>Тип сообщения</xsd:documentation>
                </xsd:annotation>
            </xsd:element>
            <xsd:element name="Date" type="xsd:dateTime">
                <xsd:annotation>
                    <xsd:documentation>Дата создания запроса</xsd:documentation>
                </xsd:annotation>
            </xsd:element>
            <xsd:element name="RequestIdRef" type="smev:idType">
                <xsd:annotation>
                    <xsd:documentation>Идентификатор сообщения-запроса, инициировавшего взаимодействие
          </xsd:documentation>
                </xsd:annotation>
            </xsd:element>
            <xsd:element name="OriginRequestIdRef" type="smev:idType">
                <xsd:annotation>
                    <xsd:documentation>Идентификатор сообщения-запроса, инициировавшего цепочку из нескольких
            запросов-ответов, объединенных единым процессом в рамках взаимодействия
          </xsd:documentation>
                </xsd:annotation>
            </xsd:element>
            <xsd:element name="ServiceCode" type="xsd:string">
                <xsd:annotation>
                    <xsd:documentation>Код услуги</xsd:documentation>
                </xsd:annotation>
            </xsd:element>
            <xsd:element name="CaseNumber" type="xsd:string">
                <xsd:annotation>
                    <xsd:documentation>Номер заявки в информационной системе-отправителе</xsd:documentation>
                </xsd:annotation>
            </xsd:element>
            <xsd:element name="MessageId" type="smev:idType">
                <xsd:annotation>
                    <xsd:documentation>Идентификатор сообщения</xsd:documentation>
                </xsd:annotation>
            </xsd:element>
            <xsd:element name="TimeStamp" type="xsd:dateTime">
                <xsd:annotation>
                    <xsd:documentation>Метка времени получения запроса СМЭВом</xsd:documentation>
                </xsd:annotation>
            </xsd:element>
            <xsd:element name="NodeId" type="xsd:string">
                <xsd:annotation>
                    <xsd:documentation>Уникальный идентификатор узла</xsd:documentation>
                </xsd:annotation>
            </xsd:element>
            <xsd:element name="MessageClass" type="smev:MessageClassType">
                <xsd:annotation>
                    <xsd:documentation>Идентификатор класса сообщения</xsd:documentation>
                </xsd:annotation>
            </xsd:element>
            <xsd:element name="Status" type="smev:StatusType">
                <xsd:annotation>
                    <xsd:documentation>Статус сообщения</xsd:documentation>
                </xsd:annotation>
            </xsd:element>
            <xsd:element name="ExchangeType" type="xsd:string">
                <xsd:annotation>
                    <xsd:documentation>Категория взаимодействия</xsd:documentation>
                </xsd:annotation>
            </xsd:element>
            <xsd:element name="BinaryData" type="xsd:base64Binary">
                <xsd:annotation>
                    <xsd:documentation>Контент вложения</xsd:documentation>
                </xsd:annotation>
            </xsd:element>
            <xsd:element name="Reference" type="smev:ReferenceType">
                <xsd:annotation>
                    <xsd:documentation>Ссылка на вложение</xsd:documentation>
                </xsd:annotation>
            </xsd:element>
            <xsd:element name="DigestValue" type="xsd:base64Binary">
                <xsd:annotation>
                    <xsd:documentation>Хеш-код вложения</xsd:documentation>
                </xsd:annotation>
            </xsd:element>
            <xsd:element name="TestMsg" type="xsd:string">
                <xsd:annotation>
                    <xsd:documentation>Идентификатор тестового запроса</xsd:documentation>
                </xsd:annotation>
            </xsd:element>
            <xsd:element name="RequestCode" type="xsd:string">
                <xsd:annotation>
                    <xsd:documentation>Код заявления</xsd:documentation>
                </xsd:annotation>
            </xsd:element>
            <xsd:complexType name="HeaderType">
                <xsd:sequence>
                    <xsd:element ref="smev:NodeId"></xsd:element>
                    <xsd:element ref="smev:MessageId"></xsd:element>
                    <xsd:element ref="smev:TimeStamp"></xsd:element>
                    <xsd:element ref="smev:MessageClass"></xsd:element>
                </xsd:sequence>
            </xsd:complexType>
            <xsd:complexType name="BaseMessageType">
                <xsd:sequence>
                    <xsd:element ref="smev:Message"></xsd:element>
                    <xsd:element ref="smev:MessageData"></xsd:element>
                </xsd:sequence>
            </xsd:complexType>
            <xsd:complexType name="BaseMessageReqType">
                <xsd:sequence>
                    <xsd:element ref="smev:Message"></xsd:element>
                    <xsd:element name="MessageData" type="smev:MessageDataReqType"></xsd:element>
                </xsd:sequence>
            </xsd:complexType>
            <xsd:complexType name="MessageType">
                <xsd:sequence>
                    <xsd:element ref="smev:Sender"></xsd:element>
                    <xsd:element ref="smev:Recipient"></xsd:element>
                    <xsd:element ref="smev:Originator" minOccurs="0"></xsd:element>
                    <xsd:element ref="smev:TypeCode"></xsd:element>
                    <xsd:element ref="smev:Status"></xsd:element>
                    <xsd:element ref="smev:Date"></xsd:element>
                    <xsd:element ref="smev:ExchangeType"></xsd:element>
                    <xsd:element ref="smev:RequestIdRef" minOccurs="0"></xsd:element>
                    <xsd:element ref="smev:OriginRequestIdRef" minOccurs="0"></xsd:element>
                    <xsd:element ref="smev:ServiceCode" minOccurs="0"></xsd:element>
                    <xsd:element ref="smev:CaseNumber" minOccurs="0"></xsd:element>
                    <xsd:element ref="smev:TestMsg" minOccurs="0"></xsd:element>
                    <xsd:element name="OKTMO" type="xsd:string"></xsd:element>
                </xsd:sequence>
            </xsd:complexType>
            <xsd:complexType name="MessageDataType">
                <xsd:sequence>
                    <xsd:element ref="smev:AppData" minOccurs="0"></xsd:element>
                    <xsd:element ref="smev:AppDocument" minOccurs="0"></xsd:element>
                </xsd:sequence>
            </xsd:complexType>
            <xsd:complexType name="MessageDataReqType">
                <xsd:sequence>
                    <xsd:element name="AppData" type="smev:AppDataReqType" minOccurs="0"></xsd:element>
                    <xsd:element ref="smev:AppDocument" minOccurs="0"></xsd:element>
                </xsd:sequence>
            </xsd:complexType>
            <xsd:complexType name="AppDataType">
                <xsd:sequence>
                    <xsd:element ref="ans:Сведения_о_согласовании_маршрута" minOccurs="0"></xsd:element>
                </xsd:sequence>
            </xsd:complexType>
            <xsd:complexType name="AppDataReqType">
                <xsd:sequence>
                    <xsd:element ref="inq:Запрос_сведений_о_согласовании_маршрута" minOccurs="0"></xsd:element>
                </xsd:sequence>
            </xsd:complexType>
            <xsd:complexType name="AppDocumentType">
                <xsd:sequence>
                    <xsd:element ref="smev:RequestCode"></xsd:element>
                    <xsd:choice>
                        <xsd:element ref="smev:BinaryData"></xsd:element>
                        <xsd:sequence>
                            <xsd:element ref="smev:Reference"></xsd:element>
                            <xsd:element ref="smev:DigestValue"></xsd:element>
                        </xsd:sequence>
                    </xsd:choice>
                </xsd:sequence>
            </xsd:complexType>
            <xsd:complexType name="ReferenceType" mixed="true">
                <xsd:sequence>
                    <xsd:element ref="xop:Include" minOccurs="0"></xsd:element>
                </xsd:sequence>
            </xsd:complexType>
            <xsd:complexType name="orgExternalType">
                <xsd:annotation>
                    <xsd:documentation>Сведения об информационной системе</xsd:documentation>
                </xsd:annotation>
                <xsd:sequence>
                    <xsd:element name="Code" type="xsd:string">
                        <xsd:annotation>
                            <xsd:documentation>Идентификатор системы</xsd:documentation>
                        </xsd:annotation>
                    </xsd:element>
                    <xsd:element name="Name" type="xsd:string">
                        <xsd:annotation>
                            <xsd:documentation>Наименование системы</xsd:documentation>
                        </xsd:annotation>
                    </xsd:element>
                </xsd:sequence>
            </xsd:complexType>
            <xsd:simpleType name="TypeCodeType">
                <xsd:restriction base="xsd:string">
                    <xsd:enumeration value="GSRV">
                        <xsd:annotation>
                            <xsd:documentation>Взаимодействие в рамках оказания государственных услуг
              </xsd:documentation>
                        </xsd:annotation>
                    </xsd:enumeration>
                    <xsd:enumeration value="GFNC">
                        <xsd:annotation>
                            <xsd:documentation>Взаимодействие в рамках исполнения</xsd:documentation>
                        </xsd:annotation>
                    </xsd:enumeration>
                </xsd:restriction>
            </xsd:simpleType>
            <xsd:simpleType name="MessageClassType">
                <xsd:restriction base="xsd:string">
                    <xsd:enumeration value="REQUEST">
                        <xsd:annotation>
                            <xsd:documentation>Запрос от потребителя к поставщику</xsd:documentation>
                        </xsd:annotation>
                    </xsd:enumeration>
                    <xsd:enumeration value="RESPONSE">
                        <xsd:annotation>
                            <xsd:documentation>Ответ поставщика потребителю</xsd:documentation>
                        </xsd:annotation>
                    </xsd:enumeration>
                </xsd:restriction>
            </xsd:simpleType>
            <xsd:simpleType name="StatusType">
                <xsd:restriction base="xsd:string">
                    <xsd:enumeration value="REQUEST">
                        <xsd:annotation>
                            <xsd:documentation>Запрос</xsd:documentation>
                        </xsd:annotation>
                    </xsd:enumeration>
                    <xsd:enumeration value="RESULT">
                        <xsd:annotation>
                            <xsd:documentation>Результат</xsd:documentation>
                        </xsd:annotation>
                    </xsd:enumeration>
                    <xsd:enumeration value="REJECT">
                        <xsd:annotation>
                            <xsd:documentation>Мотивированный отказ</xsd:documentation>
                        </xsd:annotation>
                    </xsd:enumeration>
                    <xsd:enumeration value="INVALID">
                        <xsd:annotation>
                            <xsd:documentation>Ошибка при ФЛК</xsd:documentation>
                        </xsd:annotation>
                    </xsd:enumeration>
                    <xsd:enumeration value="ACCEPT">
                        <xsd:annotation>
                            <xsd:documentation>Сообщение-квиток о приеме</xsd:documentation>
                        </xsd:annotation>
                    </xsd:enumeration>
                    <xsd:enumeration value="PING">
                        <xsd:annotation>
                            <xsd:documentation>Запрос данных/результатов </xsd:documentation>
                        </xsd:annotation>
                    </xsd:enumeration>
                    <xsd:enumeration value="PROCESS">
                        <xsd:annotation>
                            <xsd:documentation>В обработке</xsd:documentation>
                        </xsd:annotation>
                    </xsd:enumeration>
                    <xsd:enumeration value="NOTIFY">
                        <xsd:annotation>
                            <xsd:documentation>Уведомление об ошибке</xsd:documentation>
                        </xsd:annotation>
                    </xsd:enumeration>
                    <xsd:enumeration value="FAILURE">
                        <xsd:annotation>
                            <xsd:documentation>Технический сбой</xsd:documentation>
                        </xsd:annotation>
                    </xsd:enumeration>
                    <xsd:enumeration value="CANCEL">
                        <xsd:annotation>
                            <xsd:documentation>Отзыв заявления</xsd:documentation>
                        </xsd:annotation>
                    </xsd:enumeration>
                    <xsd:enumeration value="STATE">
                        <xsd:annotation>
                            <xsd:documentation>Возврат состояния</xsd:documentation>
                        </xsd:annotation>
                    </xsd:enumeration>
                </xsd:restriction>
            </xsd:simpleType>
            <xsd:simpleType name="idType">
                <xsd:restriction base="xsd:string"></xsd:restriction>
            </xsd:simpleType>
        </xsd:schema>
    </wsdl:types>
    <wsdl:message name="executeMsg">
        <wsdl:part element="reqres:execute" name="executeMsg"></wsdl:part>
    </wsdl:message>
    <wsdl:message name="executeResponseMsg">
        <wsdl:part element="reqres:executeResponse" name="executeResponseMsg"></wsdl:part>
    </wsdl:message>
    <wsdl:portType name="roivService.00.MTR.398.CTCS.sirServivePing.RouteAgreement.01PortType">
        <wsdl:operation name="execute">
            <wsdl:documentation> метод работы с запросом</wsdl:documentation>
            <wsdl:input message="tns:executeMsg" wsaw:Action="urn:execute"></wsdl:input>
            <wsdl:output message="tns:executeResponseMsg" wsaw:Action="urn://x-artefacts-it-ru/dob/poltava/inquiry-smev/1.1:InquirySMEVPortType:executeResponseMsg"></wsdl:output>
        </wsdl:operation>
    </wsdl:portType>
    <wsdl:binding name="roivService.00.MTR.398.CTCS.sirServivePing.RouteAgreement.01Soap11Binding" type="tns:roivService.00.MTR.398.CTCS.sirServivePing.RouteAgreement.01PortType">
        <soap:binding style="document" transport="http://schemas.xmlsoap.org/soap/http"></soap:binding>
        <wsdl:operation name="execute">
            <soap:operation style="document" soapAction="urn:execute"></soap:operation>
            <wsdl:input>
                <soap:body use="literal"></soap:body>
                <soap12:header message="tns:executeMsg" use="literal" part="Header"></soap12:header>
            </wsdl:input>
            <wsdl:output>
                <soap:body use="literal"></soap:body>
            </wsdl:output>
        </wsdl:operation>
    </wsdl:binding>
    <wsdl:binding name="roivService.00.MTR.398.CTCS.sirServivePing.RouteAgreement.01Soap12Binding" type="tns:roivService.00.MTR.398.CTCS.sirServivePing.RouteAgreement.01PortType">
        <soap12:binding style="document" transport="http://schemas.xmlsoap.org/soap/http"></soap12:binding>
        <wsdl:operation name="execute">
            <soap12:operation style="document" soapAction="urn:execute"></soap12:operation>
            <wsdl:input>
                <soap12:body use="literal"></soap12:body>
                <soap12:header message="tns:executeMsg" use="literal" part="Header"></soap12:header>
            </wsdl:input>
            <wsdl:output>
                <soap12:body use="literal"></soap12:body>
            </wsdl:output>
        </wsdl:operation>
    </wsdl:binding>
    <wsdl:binding name="roivService.00.MTR.398.CTCS.sirServivePing.RouteAgreement.01HttpBinding" type="tns:roivService.00.MTR.398.CTCS.sirServivePing.RouteAgreement.01PortType">
        <http:binding verb="POST"></http:binding>
        <wsdl:operation name="execute">
            <http:operation location="execute"></http:operation>
            <wsdl:input>
                <mime:content part="parameters" type="text/xml"></mime:content>
            </wsdl:input>
            <wsdl:output>
                <mime:content part="parameters" type="text/xml"></mime:content>
            </wsdl:output>
        </wsdl:operation>
    </wsdl:binding>
    <wsdl:service name="roivService.00.MTR.398.CTCS.sirServivePing.RouteAgreement.01">
        <wsdl:port name="roivService.00.MTR.398.CTCS.sirServivePing.RouteAgreement.01HttpSoap11Endpoint" binding="tns:roivService.00.MTR.398.CTCS.sirServivePing.RouteAgreement.01Soap11Binding">
            <soap:address location="http://192.168.100.96:7777/gateway/services/SID0001027"></soap:address>
        </wsdl:port>
        <wsdl:port name="roivService.00.MTR.398.CTCS.sirServivePing.RouteAgreement.01HttpsSoap11Endpoint" binding="tns:roivService.00.MTR.398.CTCS.sirServivePing.RouteAgreement.01Soap11Binding">
            <soap:address location="http://192.168.100.96:7777/gateway/services/SID0001027"></soap:address>
        </wsdl:port>
        <wsdl:port name="roivService.00.MTR.398.CTCS.sirServivePing.RouteAgreement.01HttpsSoap12Endpoint" binding="tns:roivService.00.MTR.398.CTCS.sirServivePing.RouteAgreement.01Soap12Binding">
            <soap12:address location="http://192.168.100.96:7777/gateway/services/SID0001027"></soap12:address>
        </wsdl:port>
        <wsdl:port name="roivService.00.MTR.398.CTCS.sirServivePing.RouteAgreement.01HttpSoap12Endpoint" binding="tns:roivService.00.MTR.398.CTCS.sirServivePing.RouteAgreement.01Soap12Binding">
            <soap12:address location="http://192.168.100.96:7777/gateway/services/SID0001027"></soap12:address>
        </wsdl:port>
        <wsdl:port name="roivService.00.MTR.398.CTCS.sirServivePing.RouteAgreement.01HttpEndpoint" binding="tns:roivService.00.MTR.398.CTCS.sirServivePing.RouteAgreement.01HttpBinding">
            <http:address location="http://192.168.100.96:7777/gateway/services/SID0001027"></http:address>
        </wsdl:port>
        <wsdl:port name="roivService.00.MTR.398.CTCS.sirServivePing.RouteAgreement.01HttpsEndpoint" binding="tns:roivService.00.MTR.398.CTCS.sirServivePing.RouteAgreement.01HttpBinding">
            <http:address location="http://192.168.100.96:7777/gateway/services/SID0001027"></http:address>
        </wsdl:port>
    </wsdl:service>
</wsdl:definitions>