<?xml version="1.0" encoding="utf-8"?>
<ec:Contract xmlns:ec="http://ec_rev256.minregion.ru/">
    <ec:ObjectDescription>
        <ec:ContractNumber>100/11</ec:ContractNumber>
        <ec:ContractType>Social</ec:ContractType>
        <ec:Name>Жилая квартира</ec:Name>
        <ec:Purpose>Проживание</ec:Purpose>
        <ec:TotalArea>100</ec:TotalArea>
        <ec:LiveArea>80</ec:LiveArea>
    </ec:ObjectDescription>
    <ec:ObjectAddress>
        <ec:Region>05000000000</ec:Region>
        <ec:District>Кизлярский</ec:District>
        <ec:City>Кизляр</ec:City>
        <ec:Street>Ленина</ec:Street>
        <ec:House>2</ec:House>
		<ec:Building>3</ec:Building>
		<ec:Structure>1</ec:Structure>
        <ec:Flat>234</ec:Flat>
    </ec:ObjectAddress>
    <ec:Employers>
        <ec:Employer>
            <ec:LastName>Петров</ec:LastName>
            <ec:FirstName>Петр</ec:FirstName>
            <ec:MiddleName>Петрович</ec:MiddleName>
            <ec:Birthday>1980-10-05T00:00:00</ec:Birthday>
            <ec:Birthplace>Москва</ec:Birthplace>
            <ec:Citizenship>РФ</ec:Citizenship>
            <ec:DocumentType>16</ec:DocumentType>
            <ec:DocumentNumber>101010</ec:DocumentNumber>
            <ec:DocumentSeries>1010</ec:DocumentSeries>
            <ec:DocumentDate>2005-10-05T00:00:00</ec:DocumentDate>
			<ec:Is_contract_owner>true</ec:Is_contract_owner>
        </ec:Employer>
    </ec:Employers>
</ec:Contract>