<?xml version="1.0" encoding="UTF-8"?>
<smev:Data xsi:schemaLocation="http://smev.gosuslugi.ru/request/rev111111 S1.xsd" xmlns:smev="http://smev.gosuslugi.ru/request/rev111111" xmlns:rpn="http://smev.rpn.ru/rev111111/formdata" xmlns:xsi="http://www.w3.org/2001/XMLSchema-instance">
	<smev:FormData>
		<rpn:declarType>4</rpn:declarType>
		<rpn:nameOrg>ООО "Стильные кухни"</rpn:nameOrg>
		<rpn:orgFIO>Иванов Иван Иванович</rpn:orgFIO>
		<rpn:kpp>123456789</rpn:kpp>
		<rpn:pstAddress>Москва, ул. Тверская, 9</rpn:pstAddress>
		<rpn:ogrn>1234567890123</rpn:ogrn>
		<rpn:inn>1234567890</rpn:inn>
		<rpn:pstAddressDep>МО, г. Одинцово, ул. Маршала Жукова, д. 1, кв. 1</rpn:pstAddressDep>
	</smev:FormData>	
</smev:Data>
