<ws:PutDocument
        xmlns:ws="http://www.red-soft.biz/ncore/dx/ws/smev-243"
        xmlns:smev="http://smev.gosuslugi.ru/rev111111"
        xmlns:tns="http://www.red-soft.biz/schemas/shgate/common/2011/0.5">
    <smev:Message>
        <smev:Sender>
            <smev:Code>TEST01001</smev:Code>
            <smev:Name>Тестовый портал</smev:Name>
        </smev:Sender>
        <smev:Recipient>
            <smev:Code>FAVT01001</smev:Code>
            <smev:Name>Росавиация</smev:Name>
        </smev:Recipient>
        <smev:Originator>
            <smev:Code>TEST01001</smev:Code>
            <smev:Name>Тестовый портал</smev:Name>
        </smev:Originator>
        <smev:TypeCode>GSRV</smev:TypeCode>
        <smev:Status>REQUEST</smev:Status>
        <smev:Date>2012-02-02T02:02:02</smev:Date>
        <smev:ExchangeType>2</smev:ExchangeType>
        <smev:ServiceCode>SERVICE001</smev:ServiceCode>
        <smev:CaseNumber>CASE001</smev:CaseNumber>
		<smev:TestMsg>SMEU</smev:TestMsg>
    </smev:Message>
    <smev:MessageData>
        <smev:AppData>
            <tns:IQRaCertificateToat>
                <tns:CertifyingLastname>Фамилия сертифицируемого ИП</tns:CertifyingLastname>
                <tns:CertifyingMiddlename>Отчество сертифицируемого ИП</tns:CertifyingMiddlename>
                <tns:CertifyingFirstname>Имя сертифицируемого ИП</tns:CertifyingFirstname>
                <tns:CertifyingInnIp>123456789012</tns:CertifyingInnIp>
                <tns:CertifyingOgrnIp>123456789012345</tns:CertifyingOgrnIp>
                <tns:CertifyingFullname>Полное наименование сертифицируемого ЮЛ</tns:CertifyingFullname>
                <tns:CertifyingInn>1234567890</tns:CertifyingInn>
                <tns:CertifyingOgrn>1234567890123</tns:CertifyingOgrn>
            </tns:IQRaCertificateToat>
        </smev:AppData>
    </smev:MessageData>
</ws:PutDocument>