<?xml version="1.0" encoding="UTF-8"?>
<wsdl:definitions name="ServiceConstructionActs" targetNamespace="http://ca.minregion.ru/" xmlns:wsp="http://schemas.xmlsoap.org/ws/2004/09/policy" xmlns:wsdl="http://schemas.xmlsoap.org/wsdl/" xmlns:xs="http://www.w3.org/2001/XMLSchema" xmlns:wsx="http://schemas.xmlsoap.org/ws/2004/09/mex" xmlns:wsa10="http://www.w3.org/2005/08/addressing" xmlns:wsap="http://schemas.xmlsoap.org/ws/2004/08/addressing/policy" xmlns:wsu="http://docs.oasis-open.org/wss/2004/01/oasis-200401-wss-wssecurity-utility-1.0.xsd" xmlns:wsam="http://www.w3.org/2007/05/addressing/metadata" xmlns:soapenc="http://schemas.xmlsoap.org/soap/encoding/" xmlns:plnk="http://docs.oasis-open.org/wsbpel/2.0/plnktype" xmlns:wsa="http://schemas.xmlsoap.org/ws/2004/08/addressing" xmlns:smev="http://smev.gosuslugi.ru/rev120315" xmlns:wsaw="http://www.w3.org/2006/05/addressing/wsdl" xmlns:tns="http://ca.minregion.ru/" xmlns:xsd="http://www.w3.org/2001/XMLSchema" xmlns:soap="http://schemas.xmlsoap.org/wsdl/soap/" xmlns:msc="http://schemas.microsoft.com/ws/2005/12/wsdl/contract" xmlns:soap12="http://schemas.xmlsoap.org/wsdl/soap12/">
<wsdl:documentation>CREATED: 11.09.2013 06:00:00  MODIFIED: 09.10.2013 16:48:35</wsdl:documentation>
  <wsdl:types>
    <xsd:schema targetNamespace="http://ca.minregion.ru/" xmlns:ns14="http://smev.gosuslugi.ru/rev120315" xmlns:tns="http://ca.minregion.ru/">
            <xsd:include schemaLocation="http://91.212.81.37/wsdl/ppu.mreg.ConstructionActsService/vldMregApp-sun-http-binding/MregBpel/xsd3/caminregion.xsd"/>
            <xsd:import namespace="http://smev.gosuslugi.ru/rev120315" schemaLocation="http://91.212.81.37/wsdl/ppu.mreg.ConstructionActsService/vldMregApp-sun-http-binding/MregBpel/xsd3/examAct/examActResp.xsd"/>
            <xsd:element name="SendAct">
                <xsd:complexType>
                    <xsd:sequence>
                        <xsd:element maxOccurs="1" minOccurs="0" ref="q1:Message" xmlns:q1="http://smev.gosuslugi.ru/rev120315"/>
                        <xsd:element maxOccurs="1" minOccurs="0" ref="q2:MessageData" xmlns:q2="http://smev.gosuslugi.ru/rev120315"/>
                    </xsd:sequence>
                </xsd:complexType>
            </xsd:element>
            <xs:element name="SendActResponse">
                <xs:complexType>
                    <xs:sequence>
                        <xs:element maxOccurs="1" minOccurs="0" ref="q3:Message" xmlns:q3="http://smev.gosuslugi.ru/rev120315"/>
                        <xs:element maxOccurs="1" minOccurs="0" ref="q4:MessageData" xmlns:q4="http://smev.gosuslugi.ru/rev120315"/>
                    </xs:sequence>
                </xs:complexType>
            </xs:element>
            <xsd:element name="GetActResult">
                <xsd:complexType>
                    <xsd:sequence>
                        <xsd:element maxOccurs="1" minOccurs="0" ref="q3:Message" xmlns:q3="http://smev.gosuslugi.ru/rev120315"/>
                        <xsd:element maxOccurs="1" minOccurs="0" ref="q4:MessageData" xmlns:q4="http://smev.gosuslugi.ru/rev120315"/>
                    </xsd:sequence>
                </xsd:complexType>
            </xsd:element>

            <xs:element name="GetActResultResponse">
                <xs:complexType>
                    <xs:sequence>
                        <xs:element maxOccurs="1" minOccurs="0" ref="q3:Message" xmlns:q3="http://smev.gosuslugi.ru/rev120315"/>
                        <xs:element maxOccurs="1" minOccurs="0" ref="q4:MessageData" xmlns:q4="http://smev.gosuslugi.ru/rev120315"/>
                    </xs:sequence>
                </xs:complexType>
            </xs:element>
        </xsd:schema>
  </wsdl:types>
  <wsdl:message name="GetRequestMessage">
    <wsdl:part name="Header" element="smev:Header">
    </wsdl:part>
    <wsdl:part name="parameters" element="tns:GetActResult">
    </wsdl:part>
  </wsdl:message>
  <wsdl:message name="RequestMessage">
    <wsdl:part name="Header" element="smev:Header">
    </wsdl:part>
    <wsdl:part name="parameters" element="tns:SendAct">
    </wsdl:part>
  </wsdl:message>
  <wsdl:message name="GetResponseMessage">
    <wsdl:part name="parameters" element="tns:GetActResultResponse">
    </wsdl:part>
  </wsdl:message>
  <wsdl:message name="ResponseMessage">
    <wsdl:part name="parameters" element="tns:SendActResponse">
    </wsdl:part>
  </wsdl:message>
  <wsdl:portType name="ServiceConstructionActs">
    <wsdl:operation name="SendAct">
      <wsdl:input name="RequestMessage" message="tns:RequestMessage" wsaw:Action="http://ca.minregion.ru/ServiceConstructionActs/SendAct">
    </wsdl:input>
      <wsdl:output name="ResponseMessage" message="tns:ResponseMessage" wsaw:Action="http://ca.minregion.ru/ServiceConstructionActs/SendActResponse">
    </wsdl:output>
    </wsdl:operation>
    <wsdl:operation name="GetActResult">
      <wsdl:input name="GetRequestMessage" message="tns:GetRequestMessage" wsaw:Action="http://ca.minregion.ru/ServiceConstructionActs/GetActResult">
    </wsdl:input>
      <wsdl:output name="GetResponseMessage" message="tns:GetResponseMessage" wsaw:Action="http://ca.minregion.ru/ServiceConstructionActs/GetActResultResponse">
    </wsdl:output>
    </wsdl:operation>
  </wsdl:portType>
  <wsdl:binding name="BasicHttpBinding_ServiceConstructionActs" type="tns:ServiceConstructionActs">
    <soap:binding transport="http://schemas.xmlsoap.org/soap/http"/>
    <wsdl:operation name="SendAct">
      <soap:operation soapAction="http://ca.minregion.ru/ServiceConstructionActs/SendAct" style="document"/>
      <wsdl:input name="RequestMessage">
        <soap:header message="tns:RequestMessage" part="Header" use="literal">
        </soap:header>
        <soap:body parts="parameters" use="literal"/>
      </wsdl:input>
      <wsdl:output name="ResponseMessage">
        <soap:body parts="parameters" use="literal"/>
      </wsdl:output>
    </wsdl:operation>
    <wsdl:operation name="GetActResult">
      <soap:operation soapAction="http://ca.minregion.ru/ServiceConstructionActs/GetActResult" style="document"/>
      <wsdl:input name="GetRequestMessage">
        <soap:header message="tns:GetRequestMessage" part="Header" use="literal">
        </soap:header>
        <soap:body parts="parameters" use="literal"/>
      </wsdl:input>
      <wsdl:output name="GetResponseMessage">
        <soap:body parts="parameters" use="literal"/>
      </wsdl:output>
    </wsdl:operation>
  </wsdl:binding>
  <wsdl:service name="ServiceConstructionActs">
    <wsdl:port name="BasicHttpBinding_ServiceConstructionActs" binding="tns:BasicHttpBinding_ServiceConstructionActs">
      <soap:address location="http://91.212.81.37/service/ppu.mreg.ConstructionActsService"/>
    </wsdl:port>
  </wsdl:service>
    <plnk:partnerLinkType name="examAct">
        <!-- A partner link type is automatically generated when a new port type is added. Partner link types are used by BPEL processes.
In a BPEL process, a partner link represents the interaction between the BPEL process and a partner service. Each partner link is associated with a partner link type.
A partner link type characterizes the conversational relationship between two services. The partner link type can have one or two roles.-->
        <plnk:role name="examActPortTypeRole" portType="tns:ServiceConstructionActs"/>
    </plnk:partnerLinkType>
</wsdl:definitions>
