<?xml version="1.0" encoding="UTF-8" ?> 
<definitions xmlns:tns="http://smev.gosuslugi.ru/rev111111" xmlns:soap="http://schemas.xmlsoap.org/wsdl/soap/" xmlns="http://schemas.xmlsoap.org/wsdl/" xmlns:xs="http://www.w3.org/2001/XMLSchema" xmlns:smev="http://smev.gosuslugi.ru/rev111111" xmlns:mun="http://mun.mer.fccland.ru/" name="MunMerService" targetNamespace="http://smev.gosuslugi.ru/rev111111">
  <import namespace="http://smev.gosuslugi.ru/rev111111" location="SmevTypes.xsd" /> 
  <import namespace="http://mun.mer.fccland.ru/" location="RequestAffiliation.xsd" /> 
  <import namespace="http://mun.mer.fccland.ru/" location="ResponseAffiliation.xsd" /> 
  <types>
    <xs:schema elementFormDefault="qualified" targetNamespace="http://mun.mer.fccland.ru/">
      <xs:element name="regNumber">
        <xs:simpleType>
          <xs:restriction base="xs:string" /> 
        </xs:simpleType>
      </xs:element>
    </xs:schema>
    <xs:schema elementFormDefault="qualified" targetNamespace="http://smev.gosuslugi.ru/rev111111">
      <xs:element name="CreateAffiliationRequest">
        <xs:complexType>
          <xs:sequence>
            <xs:element maxOccurs="1" minOccurs="1" ref="smev:Message" /> 
            <xs:element maxOccurs="1" minOccurs="1" name="MessageData">
              <xs:complexType>
                <xs:sequence>
                  <xs:element maxOccurs="1" minOccurs="1" name="AppData">
                    <xs:complexType>
                      <xs:sequence>
                        <xs:element maxOccurs="1" minOccurs="1" ref="mun:RequestAffiliation" /> 
                      </xs:sequence>
                    </xs:complexType>
                  </xs:element>
                </xs:sequence>
              </xs:complexType>
            </xs:element>
          </xs:sequence>
        </xs:complexType>
      </xs:element>
      <xs:element name="CreateAffiliationRequestResponse">
        <xs:complexType>
          <xs:sequence>
            <xs:element maxOccurs="1" minOccurs="1" ref="smev:Message" /> 
            <xs:element maxOccurs="1" minOccurs="1" name="MessageData">
              <xs:complexType>
                <xs:sequence>
                  <xs:element maxOccurs="1" minOccurs="1" name="AppData">
                    <xs:complexType>
                      <xs:sequence>
                        <xs:element maxOccurs="1" minOccurs="1" ref="mun:regNumber" /> 
                      </xs:sequence>
                    </xs:complexType>
                  </xs:element>
                </xs:sequence>
              </xs:complexType>
            </xs:element>
          </xs:sequence>
        </xs:complexType>
      </xs:element>
      <xs:element name="GetAffiliationResult">
        <xs:complexType>
          <xs:sequence>
            <xs:element maxOccurs="1" minOccurs="1" ref="smev:Message" /> 
            <xs:element maxOccurs="1" minOccurs="1" name="MessageData">
              <xs:complexType>
                <xs:sequence>
                  <xs:element maxOccurs="1" minOccurs="1" name="AppData">
                    <xs:complexType>
                      <xs:sequence>
                        <xs:element maxOccurs="1" minOccurs="1" ref="mun:regNumber" /> 
                      </xs:sequence>
                    </xs:complexType>
                  </xs:element>
                </xs:sequence>
              </xs:complexType>
            </xs:element>
          </xs:sequence>
        </xs:complexType>
      </xs:element>
      <xs:element name="GetAffiliationResultResponse">
        <xs:complexType>
          <xs:sequence>
            <xs:element maxOccurs="1" minOccurs="1" ref="smev:Message" /> 
            <xs:element maxOccurs="1" minOccurs="1" name="MessageData">
              <xs:complexType>
                <xs:sequence>
                  <xs:element maxOccurs="1" minOccurs="1" name="AppData">
                    <xs:complexType>
                      <xs:sequence>
                        <xs:element maxOccurs="1" minOccurs="1" ref="mun:regNumber" /> 
                        <xs:element maxOccurs="1" minOccurs="0" ref="mun:ResponseAffiliation" /> 
                      </xs:sequence>
                    </xs:complexType>
                  </xs:element>
                </xs:sequence>
              </xs:complexType>
            </xs:element>
          </xs:sequence>
        </xs:complexType>
      </xs:element>
    </xs:schema>
  </types>
  <message name="CreateAffiliationRequestRequest">
    <part name="parameters" element="tns:CreateAffiliationRequest" /> 
  </message>
  <message name="CreateAffiliationRequestResponse">
    <part name="parameters" element="tns:CreateAffiliationRequestResponse" /> 
  </message>
  <message name="GetAffiliationResultRequest">
    <part name="parameters" element="tns:GetAffiliationResult" /> 
  </message>
  <message name="GetAffiliationResultResponse">
    <part name="parameters" element="tns:GetAffiliationResultResponse" /> 
  </message>
  <portType name="MunMerServicePortType">
    <operation name="CreateAffiliationRequest">
      <input message="tns:CreateAffiliationRequestRequest" /> 
      <output message="tns:CreateAffiliationRequestResponse" /> 
    </operation>
    <operation name="GetAffiliationResult">
      <input message="tns:GetAffiliationResultRequest" /> 
      <output message="tns:GetAffiliationResultResponse" /> 
    </operation>
  </portType>
  <binding name="MunMerServiceBinding" type="tns:MunMerServicePortType">
    <soap:binding transport="http://schemas.xmlsoap.org/soap/http" /> 
    <operation name="CreateAffiliationRequest">
      <soap:operation soapAction="http://mun.mer.fccland.ru/createAffiliationRequest" style="document" /> 
      <input>
        <soap:body use="literal" /> 
      </input>
      <output>
        <soap:body use="literal" /> 
      </output>
    </operation>
    <operation name="GetAffiliationResult">
      <soap:operation soapAction="http://portal.rosreestr.ru/getAffiliationResult" style="document" /> 
      <input>
        <soap:body use="literal" /> 
      </input>
      <output>
        <soap:body use="literal" /> 
      </output>
    </operation>
  </binding>
  <service name="MunMerService">
    <port name="MunMerServicePort" binding="tns:MunMerServiceBinding">
      <soap:address location="http://tpm.mu.bars-open.ru/services/SID0000394/" /> 
    </port>
  </service>
</definitions>
