<?xml version="1.0" encoding="UTF-8"?>
<smev:Data xsi:schemaLocation="http://smev.gosuslugi.ru/request/rev111111 S4.xsd" xmlns:smev="http://smev.gosuslugi.ru/request/rev111111" xmlns:rpn="http://smev.rpn.ru/rev111111/formdata" xmlns:xsi="http://www.w3.org/2001/XMLSchema-instance">
	<smev:FormData>
		<rpn:declarType>4</rpn:declarType>
		<rpn:nameOrg>ООО "Стильные кухни"</rpn:nameOrg>
		<rpn:jurAddress>Москва, ул. Тверская, 9</rpn:jurAddress>
		<rpn:orgFIO>Иванов Иван Иванович</rpn:orgFIO>
		<rpn:kpp>123456789</rpn:kpp>
		<rpn:pstAddress>Калуга, ул. Ленина, 12</rpn:pstAddress>
		<rpn:ogrn>1234567890123</rpn:ogrn>
		<rpn:inn>1234567890</rpn:inn>
	</smev:FormData>	
</smev:Data>
