<?xml version="1.0" encoding="UTF-8" standalone="yes"?>
<Construction xmlns="http://pc.minregion.ru/">
	<PermitID>Номер разрешения</PermitID>
	<BuilderName>Наименование застройщика</BuilderName>
	<BuilderAddress>Адрес застройщика</BuilderAddress>
	<Department>Наименование органа выдавшего разрешение</Department>
	<ObjectName>Наименование объекта строительства</ObjectName>
	<ObjectAddress>Адрес объекта строительства</ObjectAddress>
	<ObjectPerformance>Краткие проектные характеристики</ObjectPerformance>
	<Deadline>Срок действия разрешения</Deadline>
	<EmployeeName>ФИО сотрудника выдавшего разрешение</EmployeeName>
	<EmployeePost>Должность сотрудника выдавшего разрешение</EmployeePost>
	<DateCreate>10.10.2010</DateCreate>
	<InformationExtension>
		<Deadline>2013-06-01T00:00:00</Deadline>
		<EmployeeName>ФИО сотрудника продлившего разрешение</EmployeeName>
		<EmployeePost>Должность сотрудника продлившего разрешение</EmployeePost>
		<DateCreate>2013-06-02T00:00:00</DateCreate>
	</InformationExtension>
</Construction>