<soap:Envelope xmlns:soap="http://schemas.xmlsoap.org/soap/envelope/" xmlns:smev="http://smev.gosuslugi.ru/rev120315" xmlns:inc="http://www.w3.org/2004/08/xop/include">
    <soap:Body>
        <PutPfrReferenceInfoRequest>
            <smev:Message>
                <smev:Sender>
                    <smev:Code>406402611</smev:Code>
                    <smev:Name>Комитет по управлению архивным делом Ростовской области</smev:Name>
                </smev:Sender>
                <smev:Recipient>
                    <smev:Code>406402611</smev:Code>
                    <smev:Name>Комитет по управлению архивным делом Ростовской области</smev:Name>
                </smev:Recipient>
                <smev:Originator>
                    <smev:Code>406402611</smev:Code>
                    <smev:Name>Комитет по управлению архивным делом Ростовской области</smev:Name>
                </smev:Originator>
                <smev:ServiceName>mnemonic</smev:ServiceName>
                <smev:TypeCode>GSRV</smev:TypeCode>
                <smev:Status>REQUEST</smev:Status>
                <smev:Date>2015-06-19T08:41:02.241+03:00</smev:Date>
                <smev:ExchangeType>2</smev:ExchangeType>
                <smev:TestMsg>True</smev:TestMsg>
            </smev:Message>
            <smev:MessageData>
                <smev:AppData>
                    <smev:DateQuery>2015-05-12</smev:DateQuery>
                    <smev:TerritoryDepartmentNumber>1</smev:TerritoryDepartmentNumber>
                    <smev:ArchiveNumber>10</smev:ArchiveNumber>
                    <smev:Type>3</smev:Type>
                    <smev:NameOrg/>
                    <smev:Person>
                        <smev:SName>Кузнецова</smev:SName>
                        <smev:FName>Анна</smev:FName>
                        <smev:MName>Сергеевна</smev:MName>
                        <smev:Birthdate>1980-09-01</smev:Birthdate>
                        <smev:Gender>F</smev:Gender>
                        <smev:ContactPhone>+79181234567</smev:ContactPhone>
                        <smev:ContactAddress>г. Ростов-на-Дону, ул. Пушкина д. 15</smev:ContactAddress>
                        <smev:ChangesFIO>
                            <smev:Sname>Иванова</smev:Sname>
                            <smev:FName/>
                            <smev:MName/>
                            <smev:DateOfChange>2010-08-15</smev:DateOfChange>
                        </smev:ChangesFIO>
                    </smev:Person>
                    <smev:Pensdate/>
                    <smev:Stag/>
                    <smev:Childrens/>
                    <smev:Earning>
                        <smev:From>1990-01-01</smev:From>
                        <smev:To>2015-01-01</smev:To>
                    </smev:Earning>
                    <smev:Periods>
                        <smev:Period>
                            <smev:FromDate>2010-05-01</smev:FromDate>
                            <smev:FromOrderNum>1000</smev:FromOrderNum>
                            <smev:FromOrderDate>2010-05-01</smev:FromOrderDate>
                            <smev:ToDate>2010-12-31</smev:ToDate>
                            <smev:ToOrderNum>3000</smev:ToOrderNum>
                            <smev:ToOrderDate>2011-12-31</smev:ToOrderDate>
                            <smev:Post>Экономист</smev:Post>
                            <smev:Department/>
                            <smev:Organization>Ростовкнига</smev:Organization>
                            <smev:Address>г. Ростов-на-Дону, ул. Промышленная 15</smev:Address>
                        </smev:Period>
                    </smev:Periods>
                    <smev:Reason/>
                    <smev:Note>Примечание</smev:Note>
                    <smev:ChiefFIO/>
                    <smev:Executive>Оператор Светлана</smev:Executive>
                    <smev:Execphone/>
                </smev:AppData>
            </smev:MessageData>
        </PutPfrReferenceInfoRequest>
    </soap:Body>
</soap:Envelope>