<?xml version='1.0' encoding='UTF-8'?><wsdl:definitions name="Common2ServiceService" targetNamespace="http://smev.gosuslugi.ru/rev111111" xmlns:ns1="http://schemas.xmlsoap.org/soap/http" xmlns:soap="http://schemas.xmlsoap.org/wsdl/soap/" xmlns:tns="http://smev.gosuslugi.ru/rev111111" xmlns:wsdl="http://schemas.xmlsoap.org/wsdl/" xmlns:xsd="http://www.w3.org/2001/XMLSchema">
  <wsdl:types>
<xs:schema elementFormDefault="qualified" targetNamespace="http://www.w3.org/2000/09/xmldsig#" version="1.0" xmlns:tns="http://www.w3.org/2000/09/xmldsig#" xmlns:xs="http://www.w3.org/2001/XMLSchema">
<xs:element name="CanonicalizationMethod" type="tns:CanonicalizationMethodType"/>
<xs:element name="DSAKeyValue" type="tns:DSAKeyValueType"/>
<xs:element name="DigestMethod" type="tns:DigestMethodType"/>
<xs:element name="DigestValue" type="xs:base64Binary"/>
<xs:element name="KeyInfo" type="tns:KeyInfoType"/>
<xs:element name="KeyName" type="xs:string"/>
<xs:element name="KeyValue" type="tns:KeyValueType"/>
<xs:element name="Manifest" type="tns:ManifestType"/>
<xs:element name="MgmtData" type="xs:string"/>
<xs:element name="Object" type="tns:ObjectType"/>
<xs:element name="PGPData" type="tns:PGPDataType"/>
<xs:element name="RSAKeyValue" type="tns:RSAKeyValueType"/>
<xs:element name="Reference" type="tns:ReferenceType"/>
<xs:element name="RetrievalMethod" type="tns:RetrievalMethodType"/>
<xs:element name="SPKIData" type="tns:SPKIDataType"/>
<xs:element name="Signature" type="tns:SignatureType"/>
<xs:element name="SignatureMethod" type="tns:SignatureMethodType"/>
<xs:element name="SignatureProperties" type="tns:SignaturePropertiesType"/>
<xs:element name="SignatureProperty" type="tns:SignaturePropertyType"/>
<xs:element name="SignatureValue" type="tns:SignatureValueType"/>
<xs:element name="SignedInfo" type="tns:SignedInfoType"/>
<xs:element name="Transform" type="tns:TransformType"/>
<xs:element name="Transforms" type="tns:TransformsType"/>
<xs:element name="X509Data" type="tns:X509DataType"/>
<xs:complexType name="SignatureType">
    <xs:sequence>
      <xs:element name="SignedInfo" type="tns:SignedInfoType"/>
      <xs:element name="SignatureValue" type="tns:SignatureValueType"/>
      <xs:element minOccurs="0" name="KeyInfo" type="tns:KeyInfoType"/>
      <xs:element maxOccurs="unbounded" minOccurs="0" name="Object" type="tns:ObjectType"/>
    </xs:sequence>
    <xs:attribute name="Id" type="xs:ID"/>
  </xs:complexType>
<xs:complexType name="SignedInfoType">
    <xs:sequence>
      <xs:element name="CanonicalizationMethod" type="tns:CanonicalizationMethodType"/>
      <xs:element name="SignatureMethod" type="tns:SignatureMethodType"/>
      <xs:element maxOccurs="unbounded" name="Reference" type="tns:ReferenceType"/>
    </xs:sequence>
    <xs:attribute name="Id" type="xs:ID"/>
  </xs:complexType>
<xs:complexType mixed="true" name="CanonicalizationMethodType">
    <xs:sequence>
      <xs:any maxOccurs="unbounded" minOccurs="0" namespace="##other" processContents="lax"/>
    </xs:sequence>
    <xs:attribute name="Algorithm" type="xs:anyURI" use="required"/>
  </xs:complexType>
<xs:complexType mixed="true" name="ObjectType">
    <xs:sequence>
      <xs:any maxOccurs="unbounded" minOccurs="0" namespace="##other" processContents="lax"/>
    </xs:sequence>
    <xs:attribute name="Id" type="xs:ID"/>
    <xs:attribute name="MimeType" type="xs:string"/>
    <xs:attribute name="Encoding" type="xs:anyURI"/>
  </xs:complexType>
<xs:complexType name="ReferenceType">
    <xs:sequence>
      <xs:element minOccurs="0" name="Transforms" type="tns:TransformsType"/>
      <xs:element name="DigestMethod" type="tns:DigestMethodType"/>
      <xs:element name="DigestValue" type="xs:base64Binary"/>
    </xs:sequence>
    <xs:attribute name="Id" type="xs:ID"/>
    <xs:attribute name="URI" type="xs:anyURI"/>
    <xs:attribute name="Type" type="xs:anyURI"/>
  </xs:complexType>
<xs:complexType name="TransformsType">
    <xs:sequence>
      <xs:element maxOccurs="unbounded" name="Transform" type="tns:TransformType"/>
    </xs:sequence>
  </xs:complexType>
<xs:complexType mixed="true" name="TransformType">
    <xs:sequence>
      <xs:choice maxOccurs="unbounded" minOccurs="0">
        <xs:element name="XPath" type="xs:string"/>
        <xs:any namespace="##other" processContents="lax"/>
      </xs:choice>
    </xs:sequence>
    <xs:attribute name="Algorithm" type="xs:anyURI" use="required"/>
  </xs:complexType>
<xs:complexType mixed="true" name="DigestMethodType">
    <xs:sequence>
      <xs:any maxOccurs="unbounded" minOccurs="0" namespace="##other" processContents="lax"/>
    </xs:sequence>
    <xs:attribute name="Algorithm" type="xs:anyURI" use="required"/>
  </xs:complexType>
<xs:complexType name="ManifestType">
    <xs:sequence>
      <xs:element maxOccurs="unbounded" name="Reference" type="tns:ReferenceType"/>
    </xs:sequence>
    <xs:attribute name="Id" type="xs:ID"/>
  </xs:complexType>
<xs:complexType name="X509DataType">
    <xs:sequence>
      <xs:choice maxOccurs="unbounded" minOccurs="0">
        <xs:element name="X509Certificate" type="xs:base64Binary"/>
        <xs:element name="X509CRL" type="xs:base64Binary"/>
        <xs:element name="X509SubjectName" type="xs:string"/>
        <xs:element name="X509IssuerSerial" type="tns:X509IssuerSerialType"/>
        <xs:element name="X509SKI" type="xs:base64Binary"/>
        <xs:any namespace="##other" processContents="lax"/>
      </xs:choice>
    </xs:sequence>
  </xs:complexType>
<xs:complexType name="PGPDataType">
    <xs:sequence>
      <xs:choice maxOccurs="unbounded" minOccurs="0">
        <xs:element name="PGPKeyPacket" type="xs:base64Binary"/>
        <xs:element name="PGPKeyID" type="xs:base64Binary"/>
        <xs:any namespace="##other" processContents="lax"/>
      </xs:choice>
    </xs:sequence>
  </xs:complexType>
<xs:complexType mixed="true" name="KeyValueType">
    <xs:sequence>
      <xs:choice maxOccurs="unbounded" minOccurs="0">
        <xs:element ref="tns:DSAKeyValue"/>
        <xs:element ref="tns:RSAKeyValue"/>
        <xs:any namespace="##other" processContents="lax"/>
      </xs:choice>
    </xs:sequence>
  </xs:complexType>
<xs:complexType name="DSAKeyValueType">
    <xs:sequence>
      <xs:element minOccurs="0" name="P" type="xs:base64Binary"/>
      <xs:element minOccurs="0" name="Q" type="xs:base64Binary"/>
      <xs:element minOccurs="0" name="G" type="xs:base64Binary"/>
      <xs:element name="Y" type="xs:base64Binary"/>
      <xs:element minOccurs="0" name="J" type="xs:base64Binary"/>
      <xs:element minOccurs="0" name="Seed" type="xs:base64Binary"/>
      <xs:element minOccurs="0" name="PgenCounter" type="xs:base64Binary"/>
    </xs:sequence>
  </xs:complexType>
<xs:complexType name="SignatureValueType">
    <xs:simpleContent>
      <xs:extension base="xs:base64Binary">
        <xs:attribute name="Id" type="xs:ID"/>
      </xs:extension>
    </xs:simpleContent>
  </xs:complexType>
<xs:complexType name="SignaturePropertiesType">
    <xs:sequence>
      <xs:element maxOccurs="unbounded" name="SignatureProperty" type="tns:SignaturePropertyType"/>
    </xs:sequence>
    <xs:attribute name="Id" type="xs:ID"/>
  </xs:complexType>
<xs:complexType mixed="true" name="SignaturePropertyType">
    <xs:sequence>
      <xs:any maxOccurs="unbounded" minOccurs="0" namespace="##other" processContents="lax"/>
    </xs:sequence>
    <xs:attribute name="Target" type="xs:anyURI" use="required"/>
    <xs:attribute name="Id" type="xs:ID"/>
  </xs:complexType>
<xs:complexType name="SPKIDataType">
    <xs:sequence>
      <xs:choice maxOccurs="unbounded" minOccurs="0">
        <xs:element name="SPKISexp" type="xs:base64Binary"/>
        <xs:any namespace="##other" processContents="lax"/>
      </xs:choice>
    </xs:sequence>
  </xs:complexType>
<xs:complexType name="X509IssuerSerialType">
    <xs:sequence>
      <xs:element name="X509IssuerName" type="xs:string"/>
      <xs:element name="X509SerialNumber" type="xs:integer"/>
    </xs:sequence>
  </xs:complexType>
<xs:complexType mixed="true" name="SignatureMethodType">
    <xs:sequence>
      <xs:choice maxOccurs="unbounded" minOccurs="0">
        <xs:element name="HMACOutputLength" type="xs:integer"/>
        <xs:any namespace="##other" processContents="lax"/>
      </xs:choice>
    </xs:sequence>
    <xs:attribute name="Algorithm" type="xs:anyURI" use="required"/>
  </xs:complexType>
<xs:complexType name="RetrievalMethodType">
    <xs:sequence>
      <xs:element minOccurs="0" name="Transforms" type="tns:TransformsType"/>
    </xs:sequence>
    <xs:attribute name="URI" type="xs:anyURI"/>
    <xs:attribute name="Type" type="xs:anyURI"/>
  </xs:complexType>
<xs:complexType mixed="true" name="KeyInfoType">
    <xs:sequence>
      <xs:choice maxOccurs="unbounded" minOccurs="0">
        <xs:element ref="tns:X509Data"/>
        <xs:element ref="tns:SPKIData"/>
        <xs:element ref="tns:PGPData"/>
        <xs:element ref="tns:RetrievalMethod"/>
        <xs:element ref="tns:MgmtData"/>
        <xs:element ref="tns:KeyValue"/>
        <xs:element ref="tns:KeyName"/>
        <xs:any namespace="##other" processContents="lax"/>
      </xs:choice>
    </xs:sequence>
    <xs:attribute name="Id" type="xs:ID"/>
  </xs:complexType>
<xs:complexType name="RSAKeyValueType">
    <xs:sequence>
      <xs:element name="Modulus" type="xs:base64Binary"/>
      <xs:element name="Exponent" type="xs:base64Binary"/>
    </xs:sequence>
  </xs:complexType>
</xs:schema>
<xs:schema attributeFormDefault="unqualified" elementFormDefault="unqualified" targetNamespace="http://smev.gosuslugi.ru/rev111111" xmlns:ns1="http://www.w3.org/2000/09/xmldsig#" xmlns:ns2="http://request2.data.service.smev.pfr.ru" xmlns:ns3="http://response2.data.service.smev.pfr.ru" xmlns:ns4="http://se2.data.service.smev.pfr.ru" xmlns:tns="http://smev.gosuslugi.ru/rev111111" xmlns:xs="http://www.w3.org/2001/XMLSchema">
  <xs:import namespace="http://www.w3.org/2000/09/xmldsig#"/>
  <xs:import namespace="http://request2.data.service.smev.pfr.ru"/>
  <xs:import namespace="http://response2.data.service.smev.pfr.ru"/>
  <xs:import namespace="http://se2.data.service.smev.pfr.ru"/>
  <xs:element name="AppData" type="tns:AppDataType"/>
  <xs:element name="BaseMessage" type="tns:BaseMessageType"/>
  <xs:element name="BinaryData" type="xs:base64Binary"/>
  <xs:element name="CaseNumber" type="xs:string"/>
  <xs:element name="Date" type="xs:anySimpleType"/>
  <xs:element name="ExchangeType" type="xs:string"/>
  <xs:element name="Header" type="tns:HeaderType"/>
  <xs:element name="Message" type="tns:MessageType"/>
  <xs:element name="MessageClass" type="tns:MessageClassType"/>
  <xs:element name="MessageData" type="tns:MessageDataType"/>
  <xs:element name="MessageId" type="xs:string"/>
  <xs:element name="NodeId" type="xs:string"/>
  <xs:element name="OKTMO" type="xs:string"/>
  <xs:element name="OriginRequestIdRef" type="xs:string"/>
  <xs:element name="Originator" type="tns:orgExternalType"/>
  <xs:element name="Recipient" type="tns:orgExternalType"/>
  <xs:element name="RequestCode" type="xs:string"/>
  <xs:element name="RequestDataResponse" type="tns:RequestDataResponse"/>
  <xs:element name="RequestIdRef" type="xs:string"/>
  <xs:element name="Sender" type="tns:orgExternalType"/>
  <xs:element name="ServiceCode" type="xs:string"/>
  <xs:element name="Status" type="tns:StatusType"/>
  <xs:element name="TestMsg" type="xs:string"/>
  <xs:element name="TimeStamp" type="xs:anySimpleType"/>
  <xs:element name="TypeCode" type="xs:string"/>
  <xs:element name="init" type="tns:init"/>
  <xs:element name="initResponse" type="tns:initResponse"/>
  <xs:complexType name="BaseMessageType">
    <xs:sequence>
      <xs:element form="qualified" name="Message" type="tns:MessageType"/>
      <xs:element form="qualified" name="MessageData" type="tns:MessageDataType"/>
    </xs:sequence>
  </xs:complexType>
  <xs:complexType name="MessageType">
    <xs:sequence>
      <xs:element form="qualified" name="Sender" type="tns:orgExternalType"/>
      <xs:element form="qualified" name="Recipient" type="tns:orgExternalType"/>
      <xs:element form="qualified" minOccurs="0" name="Originator" type="tns:orgExternalType"/>
      <xs:element form="qualified" name="TypeCode" type="xs:string"/>
      <xs:element form="qualified" name="Status" type="tns:StatusType"/>
      <xs:element form="qualified" name="Date" type="xs:dateTime"/>
      <xs:element form="qualified" name="ExchangeType" type="xs:string"/>
      <xs:element form="qualified" minOccurs="0" name="RequestIdRef" type="xs:string"/>
      <xs:element form="qualified" minOccurs="0" name="OriginRequestIdRef" type="xs:string"/>
      <xs:element form="qualified" minOccurs="0" name="ServiceCode" type="xs:string"/>
      <xs:element form="qualified" minOccurs="0" name="CaseNumber" type="xs:string"/>
      <xs:element form="qualified" minOccurs="0" name="TestMsg" type="xs:string"/>
      <xs:element form="qualified" minOccurs="0" name="OKTMO" type="xs:string"/>
    </xs:sequence>
  </xs:complexType>
  <xs:complexType name="orgExternalType">
    <xs:sequence>
      <xs:element form="qualified" name="Code" type="xs:string"/>
      <xs:element form="qualified" name="Name" type="xs:string"/>
    </xs:sequence>
  </xs:complexType>
  <xs:complexType name="MessageDataType">
    <xs:sequence>
      <xs:element form="qualified" name="AppData" type="tns:AppDataType"/>
    </xs:sequence>
  </xs:complexType>
  <xs:complexType name="AppDataType">
    <xs:sequence>
      <xs:element minOccurs="0" ref="ns1:Signature"/>
      <xs:element minOccurs="0" ref="ns2:RequestSZN"/>
      <xs:element minOccurs="0" ref="ns3:ResponseSZN"/>
      <xs:element minOccurs="0" ref="ns4:Qrynmb"/>
      <xs:element minOccurs="0" ref="ns4:Error"/>
      <xs:element minOccurs="0" ref="ns4:State"/>
    </xs:sequence>
  </xs:complexType>
  <xs:complexType name="HeaderType">
    <xs:sequence>
      <xs:element form="qualified" name="NodeId" type="xs:string"/>
      <xs:element form="qualified" name="MessageId" type="xs:string"/>
      <xs:element form="qualified" name="TimeStamp" type="xs:dateTime"/>
      <xs:element form="qualified" name="MessageClass" type="tns:MessageClassType"/>
    </xs:sequence>
  </xs:complexType>
  <xs:complexType name="RequestDataResponse">
    <xs:sequence>
      <xs:element minOccurs="0" name="return" type="tns:BaseMessageType"/>
    </xs:sequence>
  </xs:complexType>
  <xs:complexType name="init">
    <xs:sequence/>
  </xs:complexType>
  <xs:complexType name="initResponse">
    <xs:sequence/>
  </xs:complexType>
  <xs:simpleType name="StatusType">
    <xs:restriction base="xs:string">
      <xs:enumeration value="REQUEST"/>
      <xs:enumeration value="RESULT"/>
      <xs:enumeration value="REJECT"/>
      <xs:enumeration value="INVALID"/>
      <xs:enumeration value="ACCEPT"/>
      <xs:enumeration value="PING"/>
      <xs:enumeration value="PROCESS"/>
      <xs:enumeration value="NOTIFY"/>
      <xs:enumeration value="FAILURE"/>
      <xs:enumeration value="CANCEL"/>
      <xs:enumeration value="STATE"/>
    </xs:restriction>
  </xs:simpleType>
  <xs:simpleType name="MessageClassType">
    <xs:restriction base="xs:string">
      <xs:enumeration value="REQUEST"/>
      <xs:enumeration value="RESPONSE"/>
    </xs:restriction>
  </xs:simpleType>
  <xs:element name="RequestData" nillable="true" type="tns:BaseMessageType"/>
</xs:schema>
<xs:schema targetNamespace="http://se2.data.service.smev.pfr.ru" version="1.0" xmlns:tns="http://se2.data.service.smev.pfr.ru" xmlns:xs="http://www.w3.org/2001/XMLSchema">
<xs:element name="Error" type="tns:SE"/>
<xs:element name="Qrynmb" type="xs:string"/>
<xs:element name="State" type="tns:SE"/>
<xs:complexType name="SE">
    <xs:sequence>
      <xs:element form="qualified" name="Code" type="xs:string"/>
      <xs:element form="qualified" name="Description" type="xs:string"/>
    </xs:sequence>
  </xs:complexType>
</xs:schema>
<xs:schema targetNamespace="http://response2.data.service.smev.pfr.ru" version="1.0" xmlns:xs="http://www.w3.org/2001/XMLSchema">
<xs:element name="ResponseSZN">
    <xs:complexType>
      <xs:sequence>
        <xs:element form="qualified" name="FIO">
          <xs:complexType>
            <xs:sequence>
              <xs:element form="qualified" name="LastName" type="xs:string"/>
              <xs:element form="qualified" name="FirstName" type="xs:string"/>
              <xs:element form="qualified" minOccurs="0" name="SecondName" type="xs:string"/>
            </xs:sequence>
          </xs:complexType>
        </xs:element>
        <xs:element form="qualified" name="SNILS" type="xs:string"/>
        <xs:element form="qualified" minOccurs="0" name="DateBirth" type="xs:string"/>
        <xs:element form="qualified" minOccurs="0" name="ResidenceAddress" type="xs:string"/>
        <xs:element form="qualified" name="DateQuery" type="xs:string"/>
        <xs:element form="qualified" name="PresenceData" type="xs:string"/>
        <xs:element form="qualified" maxOccurs="unbounded" minOccurs="0" name="PeriodRegistrationAccount">
          <xs:complexType>
            <xs:sequence>
              <xs:element form="qualified" minOccurs="0" name="AsTheUnemployed">
                <xs:complexType>
                  <xs:sequence>
                    <xs:element form="qualified" minOccurs="0" name="DateStart" type="xs:string"/>
                    <xs:element form="qualified" minOccurs="0" name="DateEnd" type="xs:string"/>
                  </xs:sequence>
                </xs:complexType>
              </xs:element>
              <xs:element form="qualified" minOccurs="0" name="AsSearchWork">
                <xs:complexType>
                  <xs:sequence>
                    <xs:element form="qualified" minOccurs="0" name="DateStart" type="xs:string"/>
                    <xs:element form="qualified" minOccurs="0" name="DateEnd" type="xs:string"/>
                  </xs:sequence>
                </xs:complexType>
              </xs:element>
            </xs:sequence>
          </xs:complexType>
        </xs:element>
        <xs:element form="qualified" minOccurs="0" name="InfoPeriodsSeniority">
          <xs:complexType>
            <xs:sequence>
              <xs:element form="qualified" maxOccurs="unbounded" minOccurs="0" name="PeriodReceptionUnemploymentBenefit">
                <xs:complexType>
                  <xs:sequence>
                    <xs:element form="qualified" minOccurs="0" name="DateStart" type="xs:string"/>
                    <xs:element form="qualified" minOccurs="0" name="DateEnd" type="xs:string"/>
                  </xs:sequence>
                </xs:complexType>
              </xs:element>
              <xs:element form="qualified" maxOccurs="unbounded" minOccurs="0" name="PeriodParticipationPaidPublicWorks">
                <xs:complexType>
                  <xs:sequence>
                    <xs:element form="qualified" minOccurs="0" name="DateStart" type="xs:string"/>
                    <xs:element form="qualified" minOccurs="0" name="DateEnd" type="xs:string"/>
                  </xs:sequence>
                </xs:complexType>
              </xs:element>
              <xs:element form="qualified" maxOccurs="unbounded" minOccurs="0" name="PeriodMovingEmployment">
                <xs:complexType>
                  <xs:sequence>
                    <xs:element form="qualified" minOccurs="0" name="DateStart" type="xs:string"/>
                    <xs:element form="qualified" minOccurs="0" name="DateEnd" type="xs:string"/>
                  </xs:sequence>
                </xs:complexType>
              </xs:element>
            </xs:sequence>
          </xs:complexType>
        </xs:element>
        <xs:element form="qualified" maxOccurs="unbounded" minOccurs="0" name="BasisInclusionData">
          <xs:complexType>
            <xs:sequence>
              <xs:element form="qualified" minOccurs="0" name="NumberPrivateAffair" type="xs:string"/>
              <xs:element form="qualified" minOccurs="0" name="DatePrivateAffair" type="xs:string"/>
            </xs:sequence>
          </xs:complexType>
        </xs:element>
        <xs:element form="qualified" minOccurs="0" name="NameOrgSZN" type="xs:string"/>
        <xs:element form="qualified" minOccurs="0" name="DateFormationData" type="xs:string"/>
      </xs:sequence>
    </xs:complexType>
  </xs:element>
</xs:schema>
<xs:schema targetNamespace="http://request2.data.service.smev.pfr.ru" version="1.0" xmlns:xs="http://www.w3.org/2001/XMLSchema">
<xs:element name="RequestSZN">
    <xs:complexType>
      <xs:sequence>
        <xs:element form="qualified" name="FIO">
          <xs:complexType>
            <xs:sequence>
              <xs:element form="qualified" name="LastName" type="xs:string"/>
              <xs:element form="qualified" name="FirstName" type="xs:string"/>
              <xs:element form="qualified" minOccurs="0" name="SecondName" type="xs:string"/>
            </xs:sequence>
          </xs:complexType>
        </xs:element>
        <xs:element form="qualified" name="SNILS" type="xs:string"/>
        <xs:element form="qualified" minOccurs="0" name="DateBirth" type="xs:string"/>
        <xs:element form="qualified" minOccurs="0" name="ResidenceAddress" type="xs:string"/>
        <xs:element form="qualified" name="DateQuery" type="xs:string"/>
      </xs:sequence>
    </xs:complexType>
  </xs:element>
</xs:schema>
  </wsdl:types>
  <wsdl:message name="RequestDataResponse">
    <wsdl:part element="tns:RequestDataResponse" name="parameters">
    </wsdl:part>
  </wsdl:message>
  <wsdl:message name="RequestData">
    <wsdl:part element="tns:RequestData" name="parameters">
    </wsdl:part>
  </wsdl:message>
  <wsdl:message name="init">
    <wsdl:part element="tns:init" name="parameters">
    </wsdl:part>
  </wsdl:message>
  <wsdl:message name="initResponse">
    <wsdl:part element="tns:initResponse" name="parameters">
    </wsdl:part>
  </wsdl:message>
  <wsdl:portType name="Common2Service">
    <wsdl:operation name="RequestData">
      <wsdl:input message="tns:RequestData" name="RequestData">
    </wsdl:input>
      <wsdl:output message="tns:RequestDataResponse" name="RequestDataResponse">
    </wsdl:output>
    </wsdl:operation>
    <wsdl:operation name="init">
      <wsdl:input message="tns:init" name="init">
    </wsdl:input>
      <wsdl:output message="tns:initResponse" name="initResponse">
    </wsdl:output>
    </wsdl:operation>
  </wsdl:portType>
  <wsdl:binding name="Common2ServiceServiceSoapBinding" type="tns:Common2Service">
    <soap:binding style="document" transport="http://schemas.xmlsoap.org/soap/http"/>
    <wsdl:operation name="RequestData">
      <soap:operation soapAction="" style="document"/>
      <wsdl:input name="RequestData">
        <soap:body use="literal"/>
      </wsdl:input>
      <wsdl:output name="RequestDataResponse">
        <soap:body use="literal"/>
      </wsdl:output>
    </wsdl:operation>
    <wsdl:operation name="init">
      <soap:operation soapAction="" style="document"/>
      <wsdl:input name="init">
        <soap:body use="literal"/>
      </wsdl:input>
      <wsdl:output name="initResponse">
        <soap:body use="literal"/>
      </wsdl:output>
    </wsdl:operation>
  </wsdl:binding>
  <wsdl:service name="Common2ServiceService">
    <wsdl:port binding="tns:Common2ServiceServiceSoapBinding" name="Common2ServicePort">
      <soap:address location="http://217.198.1.69:222/mintrud-smev/Common2Service"/>
    </wsdl:port>
  </wsdl:service>
</wsdl:definitions>