<?xml version="1.0" encoding="UTF-8" standalone="yes"?>
<ResultType xmlns:ns2="http://smev.gosuslugi.ru/request/rev111111"
	xmlns="http://pe.minregion.ru/">
	<Status>3</Status>
	<Comment>Запрос находится в обработке</Comment>
	<Number>6a4b65ef-15db-4627-8320-cfa11fd01a65</Number>
	<Employee>
		<EmployeeName>Бер Дмитрий Юрьевич</EmployeeName>
		<EmployeePost>Аналитик</EmployeePost>
		<Department>ООО Маргаритка</Department>
	</Employee>
	<ns2:AppliedDocuments>
		<ns2:AppliedDocument>
			<ns2:Name>Exploitation.xml</ns2:Name>
			<ns2:URL>Exploitation.xml</ns2:URL>
			<ns2:Type>text/xml</ns2:Type>
			<ns2:DigestValue>x9E1v+4InSLA2tAHR5vpB/siq5dNwStzGITmjq2e6c4=</ns2:DigestValue>
		</ns2:AppliedDocument>
	</ns2:AppliedDocuments>
</ResultType>