<soap:Envelope xmlns:soap="http://schemas.xmlsoap.org/soap/envelope/" xmlns:smev="http://smev.gosuslugi.ru/rev120315" xmlns:inc="http://www.w3.org/2004/08/xop/include">
    <soap:Body>
        <GetReferenceRequest>
            <smev:Message>
                <smev:Sender>
                    <smev:Code>406402611</smev:Code>
                    <smev:Name>Комитет по управлению архивным делом Ростовской области</smev:Name>
                </smev:Sender>
                <smev:Recipient>
                    <smev:Code>406402611</smev:Code>
                    <smev:Name>Комитет по управлению архивным делом Ростовской области</smev:Name>
                </smev:Recipient>
                <smev:Originator>
                    <smev:Code>406402611</smev:Code>
                    <smev:Name>Комитет по управлению архивным делом Ростовской области</smev:Name>
                </smev:Originator>
                <smev:ServiceName>mnemonic</smev:ServiceName>
                <smev:TypeCode>GSRV</smev:TypeCode>
                <smev:Status>PING</smev:Status>
                <smev:Date>2015-06-19T08:41:02.241+03:00</smev:Date>
                <smev:ExchangeType>2</smev:ExchangeType>
                <smev:RequestIdRef>ebe410f6-54e7-4fd9-b194-6cad0b37788a</smev:RequestIdRef>
                <smev:OriginRequestIdRef>ebe410f6-54e7-4fd9-b194-6cad0b37788a</smev:OriginRequestIdRef>
                <smev:TestMsg>True</smev:TestMsg>
            </smev:Message>
            <smev:MessageData>
                <smev:AppData>
                    <smev:Ticket>fbe37fe3-fd1d-45fb-b8a7-26fbd69ecd4e</smev:Ticket>
                </smev:AppData>
            </smev:MessageData>
        </GetReferenceRequest>
    </soap:Body>
</soap:Envelope>