<?xml version="1.0" encoding="UTF-8"?>
<!-- Published by JAX-WS RI at http://jax-ws.dev.java.net. RI's version is unknown. -->
<!--
  ~ Copyright (C) 2011 Red Soft Corporation.
  ~
  ~ This file is part of Red NCore.
  ~
  ~ Red NCore is free software; you can redistribute it and/or modify
  ~ it under the terms of the GNU General Public License as published by
  ~ the Free Software Foundation; either version 2, or (at your option)
  ~ any later version.
  ~
  ~ Red NCore is distributed in the hope that it will be useful, but
  ~ WITHOUT ANY WARRANTY; without even the implied warranty of
  ~ MERCHANTABILITY or FITNESS FOR A PARTICULAR PURPOSE.  See the GNU
  ~ General Public License for more details.
  ~
  ~ You should have received a copy of the GNU General Public License
  ~ along with Red NCore; see the file COPYING.  If not, write to the
  ~ Red Soft Corporation, 117186, Russia, Moscow, Nagornyy proezd, 5.
  ~
  ~ Linking this library statically or dynamically with other modules is
  ~ making a combined work based on this library.  Thus, the terms and
  ~ conditions of the GNU General Public License cover the whole
  ~ combination.
  ~
  ~ As a special exception, the copyright holders of this library give you
  ~ permission to link this library with independent modules to produce an
  ~ executable, regardless of the license terms of these independent
  ~ modules, and to copy and distribute the resulting executable under
  ~ terms of your choice, provided that you also meet, for each linked
  ~ independent module, the terms and conditions of the license of that
  ~ module.  An independent module is a module which is not derived from
  ~ or based on this library.  If you modify this library, you may extend
  ~ this exception to your version of the library, but you are not
  ~ obligated to do so.  If you do not wish to do so, delete this
  ~ exception statement from your version.
  -->
<xs:schema xmlns:xs="http://www.w3.org/2001/XMLSchema" xmlns:tns="http://www.w3.org/2004/08/xop/include" targetNamespace="http://www.w3.org/2004/08/xop/include">

  <xs:element name="Include" type="tns:Include"/>
  <xs:complexType name="Include">
	<xs:sequence>
	  <xs:any namespace="##other" minOccurs="0" maxOccurs="unbounded"/>
	</xs:sequence>
	<xs:attribute name="href" type="xs:anyURI" use="required"/>
	<xs:anyAttribute namespace="##other"/>
  </xs:complexType>
</xs:schema>