<?xml version="1.0" encoding="UTF-8"?>
<ns1:foreignWorkerRequest xsi:schemaLocation="http://foreignWorker.messageTypes ForeignWorkerRequest.xsd" xmlns:ct="http://foreignWorker.commonTypes" xmlns:ns1="http://foreignWorker.messageTypes" xmlns:xsi="http://www.w3.org/2001/XMLSchema-instance">
	<ns1:requestDate>2012-08-13</ns1:requestDate>
	<ns1:employerType>02</ns1:employerType>
	<ns1:employerName>ООО "Колор"</ns1:employerName>
	<ns1:employerOGRN>1097746682501</ns1:employerOGRN>
	<ns1:employerINN>7767297729</ns1:employerINN>
	<ns1:employerOKVED>51.41</ns1:employerOKVED>
	<ns1:staffAmount>33</ns1:staffAmount>
	<ns1:foreignStaffAmount>24</ns1:foreignStaffAmount>
	<ns1:workTerritoryOKATO>12030401901</ns1:workTerritoryOKATO>
	<ns1:workTerritoryFiasId>100000000000000001</ns1:workTerritoryFiasId>
	<ns1:workOKVED>51.41</ns1:workOKVED>
	<ns1:employmentServiceRequests>
		<ns1:request>
			<ns1:employmentServiceName>ГКУ Центр занятости населения ЮВАО г. Москвы</ns1:employmentServiceName>
			<ns1:requestId>101988</ns1:requestId>
			<ns1:requestDate>2010-08-19</ns1:requestDate>
		</ns1:request>
	</ns1:employmentServiceRequests>
	<ns1:plannedPositions>
		<ns1:position>
			<ct:positionOKPDTR>Директор департамента</ct:positionOKPDTR>
			<ct:amount>1</ct:amount>
			<ct:from>2012-11-24</ct:from>
			<ct:to>2013-11-24</ct:to>
			<ct:country>TJK</ct:country>
			<ns1:salary>1000000</ns1:salary>
			<ns1:specialConditions>Ненормированный график</ns1:specialConditions>
		</ns1:position>
		<ns1:position>
			<ct:positionOKPDTR>Инженер по качеству</ct:positionOKPDTR>
			<ct:amount>2</ct:amount>
			<ct:from>2012-11-24</ct:from>
			<ct:to>2013-11-24</ct:to>
			<ct:country>TJK</ct:country>
			<ns1:salary>250000</ns1:salary>
			<ns1:specialConditions>Ненормированный график</ns1:specialConditions>
		</ns1:position>
	</ns1:plannedPositions>
</ns1:foreignWorkerRequest>