<?xml version="1.0" encoding="UTF-8" standalone="yes"?>
<ResultType xmlns:ns2="http://dp.minregion.ru/">
	<ns2:Act>
		<ns2:Requisites>
			<ns2:Department>ООО ЭйТи Сибирь</ns2:Department>
			<ns2:Responsible>Бер Дмитрий</ns2:Responsible>
			<ns2:Date>2013-06-01T00:00:00</ns2:Date>
			<ns2:DateInspection>2013-06-02T00:00:00</ns2:DateInspection>
		</ns2:Requisites>
		<ns2:OKATO>50401000000</ns2:OKATO>
		<ns2:Place>Место освидетельствования</ns2:Place>
		<ns2:Object>
			<ns2:Name>Наименование объекта</ns2:Name>
			<ns2:Address>Адрес объекта</ns2:Address>
			<ns2:DesignName>Наименование конструкции</ns2:DesignName>
		</ns2:Object>
		<ns2:Customer>Сведения о застройщике или заказчике</ns2:Customer>
	</ns2:Act>
</ResultType>