﻿<SOAP-ENV:Envelope
	xmlns:SOAP-ENC="http://schemas.xmlsoap.org/soap/encoding/"
	xmlns:SOAP-ENV="http://schemas.xmlsoap.org/soap/envelope/"
	xmlns:rpn="http://rospotrebnadzor.ru/soap/rpnES2"
	xmlns:smev="http://smev.gosuslugi.ru/rev111111"
	xmlns:wsse="http://docs.oasis-open.org/wss/2004/01/oasis-200401-wss-wssecurity-secext-1.0.xsd"
	xmlns:wsu="http://docs.oasis-open.org/wss/2004/01/oasis-200401-wss-wssecurity-utility-1.0.xsd"
	xmlns:xsd="http://www.w3.org/2001/XMLSchema">

<!--

Пример запроса, когда отсутствует результат


-->

<SOAP-ENV:Header xmlns:ds="http://www.w3.org/2000/09/xmldsig#"/>

<SOAP-ENV:Body wsu:Id="body">
	<rpn:rpnRequest>
		<smev:Message>
			<smev:Sender>
				<smev:Code>RPTR01001</smev:Code>
				<smev:Name>Роспотребнадзор</smev:Name>
			</smev:Sender>
			<smev:Recipient>
				<smev:Code>RPTR01001</smev:Code>
				<smev:Name>Роспотребнадзор</smev:Name>
			</smev:Recipient>
			<smev:Originator>
				<smev:Code>RPTR01001</smev:Code>
				<smev:Name>Роспотребнадзор</smev:Name>
			</smev:Originator>
			<smev:TypeCode>GFNC</smev:TypeCode>
			<smev:Status>REQUEST</smev:Status>
			<smev:Date>2012-11-22T12:34:56Z</smev:Date>
			<smev:ExchangeType>2</smev:ExchangeType>
			<smev:TestMsg/>
		</smev:Message>
		<smev:MessageData>
			<smev:AppData>
				<rpn:getDoc>
					<rpn:serialnumb>9999009999</rpn:serialnumb>
					<rpn:mode>and</rpn:mode>
				</rpn:getDoc>
			</smev:AppData>
		</smev:MessageData>
	</rpn:rpnRequest>
</SOAP-ENV:Body>

</SOAP-ENV:Envelope>